caseID,verbatim,1,4,11,14,23,24,95,96,97
1, CHEIF JUSTICE OF SUPREME COURT ,1,0,0,0,0,0,0,0,0
3, //IR does not recognize the name// ,0,0,0,0,0,0,1,0,0
4, SOMEONE IN GOVERNMENT ,0,0,0,0,0,1,0,0,0
5, supreme court ,0,0,0,1,0,0,0,0,0
7," IR DOES NOT KNOW WHO HE IS, THE NAME DOES NOT RING A BELL, IR IS NOT A REAL POLITICAL PERSON AS FAR AS WHO'S WHO.  ",0,0,0,0,0,0,1,0,1
8," IR does not recognize the name, does not know what position he holds now ",0,0,0,0,0,0,1,0,0
9," R DOES NOT CARE TO GUESS, R HAS NEVER HEARD THAT NAME BEFORE ",0,0,0,0,0,0,1,1,0
10," R IS IS NOT FAMILIAR WITH THE PERSON, BUT HAS HEARD THE NAME// ",0,0,0,0,0,0,1,0,1
11, //ALABAMA POLITICIAN// ,0,0,0,0,0,1,0,0,0
12, RECOGNIZES THE NAME BUT DOES NOT HAVE ANY IDEA WHAT OFFICE HE NOW HOLDS ,0,0,0,0,0,0,1,0,1
13, don't know ,0,0,0,0,0,0,1,0,0
14, one of the big lawyers in the... my mind's gone black... they're all lawyers ,0,0,0,0,0,1,1,0,0
15, DON'T KNOW ,0,0,0,0,0,0,1,0,0
16, don't remember ,0,0,0,0,0,0,1,0,0
17, DON'T KNOW ,0,0,0,0,0,0,1,0,0
18, don't know ,0,0,0,0,0,0,1,0,0
19, CHIEF JUSTICE OF THE US SUPREME COURT ,1,0,0,0,0,0,0,0,0
20, chief justice of the supreme court ,1,0,0,0,0,0,0,0,0
21, don't know ,0,0,0,0,0,0,1,0,0
22," IR does not recognize the name, has no guess ",0,0,0,0,0,0,1,0,0
23, house of representatives ,0,0,0,0,0,1,0,0,0
24, works in the Congress// ,0,0,0,0,1,0,0,0,0
25, representative of republicans// ,0,0,0,0,0,1,0,0,0
27, no idea// ,0,0,0,0,0,0,1,0,0
28, congressman in house of representatives ,0,0,0,0,0,1,0,0,0
29, enviorment ,0,0,0,0,0,1,0,0,0
30, state senate ,0,0,0,0,0,1,0,0,0
31, not a clue ,0,0,0,0,0,0,1,0,0
32, supreme court ,0,0,0,1,0,0,0,0,0
33, no idea ,0,0,0,0,0,0,1,0,0
34, supreme court ,0,0,0,1,0,0,0,0,0
35, don't know ,0,0,0,0,0,0,1,0,0
36, don't know ,0,0,0,0,0,0,1,0,0
37, senator ,0,0,0,0,0,1,0,0,0
38, secretary of something ,0,0,0,0,0,1,0,0,0
39, congressman ,0,0,0,0,0,1,0,0,0
40, Don't know ,0,0,0,0,0,0,1,0,0
41, I don't know ,0,0,0,0,0,0,1,0,0
42, democrat ,0,0,0,0,0,1,0,0,0
43, congressman ,0,0,0,0,0,1,0,0,0
44, supreme court ,0,0,0,1,0,0,0,0,0
45, senator ,0,0,0,0,0,1,0,0,0
46, house of rep ,0,0,0,0,0,1,0,0,0
47, senator ,0,0,0,0,0,1,0,0,0
48, chief justice supreme court ,1,0,0,0,0,0,0,0,0
49, unknown ,0,0,0,0,0,0,1,0,0
50, judge ,0,0,0,0,0,1,0,0,0
51, senator ,0,0,0,0,0,1,0,0,0
52, evangelist ,0,0,0,0,0,1,0,0,0
54, I don't know ,0,0,0,0,0,0,1,0,0
55, don't know ,0,0,0,0,0,0,1,0,0
56, congressman ,0,0,0,0,0,1,0,0,0
57, mayor ,0,0,0,0,0,1,0,0,0
59, don't know ,0,0,0,0,0,0,1,0,0
60, don't know ,0,0,0,0,0,0,1,0,0
61, I'm not  familiar ,0,0,0,0,0,0,1,0,0
62, do't know ,0,0,0,0,0,0,1,0,0
63, I don't know ,0,0,0,0,0,0,1,0,0
64, Senator ,0,0,0,0,0,1,0,0,0
65, environmental policy ,0,0,0,0,0,1,0,0,0
66, president of canada ,0,0,0,0,0,1,0,0,0
67, don't know ,0,0,0,0,0,0,1,0,0
68, supreme court justice ,0,0,0,1,0,0,0,0,0
69, us supreme court justice ,0,0,0,1,0,0,0,0,0
71, i can't remember ,0,0,0,0,0,0,1,0,0
72, house of representatives ,0,0,0,0,0,1,0,0,0
73, i don't know that either ,0,0,0,0,0,0,1,0,0
74, don't know ,0,0,0,0,0,0,1,0,0
75," no guess, no idea ",0,0,0,0,0,0,1,0,0
76, supreme court ,0,0,0,1,0,0,0,0,0
77, president of australia ,0,0,0,0,0,1,0,0,0
78, chief of staff ,0,0,0,0,0,1,0,0,0
79, senator ,0,0,0,0,0,1,0,0,0
80, senator or something ,0,0,0,0,0,1,0,0,0
81, senator ,0,0,0,0,0,1,0,0,0
82, senator ,0,0,0,0,0,1,0,0,0
83, doesn't ring a bell// i don't know ,0,0,0,0,0,0,1,0,0
85, don't know//never heard of him ,0,0,0,0,0,0,1,0,0
86, dk him either//I have no idea ,0,0,0,0,0,0,1,0,0
87, don't know// don't know ,0,0,0,0,0,0,1,0,0
88, supreme court justice ,0,0,0,1,0,0,0,0,0
89, SENATOR ,0,0,0,0,0,1,0,0,0
90, dk//dk ,0,0,0,0,0,0,1,0,0
92, dk//governor ,0,0,0,0,0,1,1,0,0
93, dk//congressman ,0,0,0,0,0,1,1,0,0
94," dk, never heard of him//dk ",0,0,0,0,0,0,1,0,0
95, i couldn't tell you//i couldn't tell you honestly ,0,0,0,0,0,0,1,0,1
96, something having to do w/ govt ,0,0,0,0,0,1,0,0,0
98, senator ,0,0,0,0,0,1,0,0,0
99, supreme ct justice ,0,0,0,1,0,0,0,0,0
101, don't know ,0,0,0,0,0,0,1,0,0
103, I don'yt know ,0,0,0,0,0,0,1,0,0
104, head Supreme court justice  ,0,0,1,0,0,0,0,0,0
105, <RF> ,0,0,0,0,0,0,0,1,0
106, dk//embassador ,0,0,0,0,0,1,1,0,0
107, senator ,0,0,0,0,0,1,0,0,0
108, senator ,0,0,0,0,0,1,0,0,0
109, /he is a - really dosnt know/   ,0,0,0,0,0,0,1,0,1
110, congressman ,0,0,0,0,0,1,0,0,0
111, army ,0,0,0,0,0,1,0,0,0
112, democratic ,0,0,0,0,0,1,0,0,0
113, senator ,0,0,0,0,0,1,0,0,0
114, Really dosnt know-cant even guess/ ,0,0,0,0,0,0,1,0,0
115, candidate ,0,0,0,0,0,1,0,0,0
116, attorney general? ,0,0,0,0,0,1,0,0,0
117, congress ,0,0,0,0,0,1,0,0,0
118, i don't know him// i hope he's a right choice for whatever he does ,0,0,0,0,0,0,1,0,1
119, just dose not know ,0,0,0,0,0,0,1,0,0
120, // is he a senator or what? ,0,0,0,0,0,1,0,0,0
121, i have the faintest idea//is he a congress or in the senate//i don't know ,0,0,0,0,0,1,1,0,0
122, secretary of homeland security? ,0,0,0,0,0,1,0,0,0
123, i have never heard of him//i don't even want to try ,0,0,0,0,0,0,1,1,0
124, secretary of defense ,0,0,0,0,0,1,0,0,0
125, not sure//congress ,0,0,0,0,0,1,1,0,0
126, supreme court justice ,0,0,0,1,0,0,0,0,0
127, no guess ,0,0,0,0,0,0,1,0,0
128, no idea ,0,0,0,0,0,0,1,0,0
129, no guess ,0,0,0,0,0,0,1,0,0
131, supreme court justice ,0,0,0,1,0,0,0,0,0
132, supreme court ,0,0,0,1,0,0,0,0,0
133, no idea ,0,0,0,0,0,0,1,0,0
134, no idea ,0,0,0,0,0,0,1,0,0
135, no idea ,0,0,0,0,0,0,1,0,0
137, i can't give you an educated guess. never heard of the guy. ,0,0,0,0,0,0,1,0,0
138, no idea ,0,0,0,0,0,0,1,0,0
139, supreme court cheif justice ,1,0,0,0,0,0,0,0,0
141, prime minister of australia ,0,0,0,0,0,1,0,0,0
144, australian prime minister ,0,0,0,0,0,1,0,0,0
145, no clue ,0,0,0,0,0,0,1,0,0
146, don't know no guess ,0,0,0,0,0,0,1,0,0
147, senator ,0,0,0,0,0,1,0,0,0
148, president of Uganda ,0,0,0,0,0,1,0,0,0
149, never heard of him ,0,0,0,0,0,0,1,0,0
150, us supreme court justice ,0,0,0,1,0,0,0,0,0
151, u.s. supreme court justice ,0,0,0,1,0,0,0,0,0
152, us supreme court justice ,0,0,0,1,0,0,0,0,0
153, supreme court justice ,0,0,0,1,0,0,0,0,0
155, no idea ,0,0,0,0,0,0,1,0,0
156, lawyer ,0,0,0,0,0,1,0,0,0
157, senator ,0,0,0,0,0,1,0,0,0
158, state official ,0,0,0,0,0,1,0,0,0
160, congressman ,0,0,0,0,0,1,0,0,0
161, don't know// ,0,0,0,0,0,0,1,0,0
162," i think he is a senator, isn't he? ",0,0,0,0,0,1,0,0,1
163, dont know ,0,0,0,0,0,0,1,0,0
164, don't know ,0,0,0,0,0,0,1,0,0
165, don't know//tv financial offider ,0,0,0,0,0,1,1,0,0
166, senate ,0,0,0,0,0,1,0,0,0
167," is he in education? sounds like he is in education, or in the police officer things, or the courts ",0,0,0,0,0,1,0,0,0
168, dk ,0,0,0,0,0,0,1,0,0
169, dk ,0,0,0,0,0,0,1,0,0
170, dk ,0,0,0,0,0,0,1,0,0
171, dk ,0,0,0,0,0,0,1,0,0
172, don't know ,0,0,0,0,0,0,1,0,0
173, dk ,0,0,0,0,0,0,1,0,0
174, don't know//not suoreme court/dk/no ,0,0,0,1,0,0,1,1,0
175, politican figure?//dk// ,0,0,0,0,0,1,1,0,0
176, supreme court justice ,0,0,0,1,0,0,0,0,0
177, don't know//dk ,0,0,0,0,0,0,1,0,0
178, don't know//dk ,0,0,0,0,0,0,1,0,0
179, chielf justice of supreme court ,1,0,0,0,0,0,0,0,0
180, don't know//dk ,0,0,0,0,0,0,1,0,0
181, supreme court ,0,0,0,1,0,0,0,0,0
182, don't know//dk ,0,0,0,0,0,0,1,0,0
183," sounds like a democrat, don't know what he does//he is  a democrat in congress or the senate ",0,0,0,0,0,1,1,0,0
184," i don't even know who that is//i couldn't say , don't know who he is ",0,0,0,0,0,0,1,0,0
185, don't know// maybe a rep ,0,0,0,0,0,1,1,0,0
186," i don't know,// senator, i'm just guessing ",0,0,0,0,0,1,1,0,1
187, <RF> ,0,0,0,0,0,0,0,1,0
188, supreme court judge ,0,0,0,1,0,0,0,0,0
189, dk ,0,0,0,0,0,0,1,0,0
190," don't know, //don't know ",0,0,0,0,0,0,1,0,0
192, dk ,0,0,0,0,0,0,1,0,0
193, secretary of defense ,0,0,0,0,0,1,0,0,0
194, just dosent know ,0,0,0,0,0,0,1,0,0
195, senator ,0,0,0,0,0,1,0,0,0
196, dk ,0,0,0,0,0,0,1,0,0
197, millitary ,0,0,0,0,0,1,0,0,0
198," isn't he a supreme court judge, isn't he? ",0,0,0,1,0,0,0,0,0
199, governor ,0,0,0,0,0,1,0,0,0
200, Supreme Court Justice ,0,0,0,1,0,0,0,0,0
201, republican office//a good one ,0,0,0,0,0,1,0,0,0
202, justice area ,0,0,0,0,0,1,0,0,0
203, don't know//religious something ,0,0,0,0,0,1,1,0,0
204, dk//congressman ,0,0,0,0,0,1,1,0,0
205, supreme court justice ,0,0,0,1,0,0,0,0,0
206, d/k//no ,0,0,0,0,0,0,1,1,0
207, representative ,0,0,0,0,0,1,0,0,0
208, dk//dk ,0,0,0,0,0,0,1,0,0
209, congressman ,0,0,0,0,0,1,0,0,0
210, dk//dk ,0,0,0,0,0,0,1,0,0
211, head of the supreme court ,0,0,1,0,0,0,0,0,0
213, dont know ,0,0,0,0,0,0,1,0,0
214, don't know//nothing ,0,0,0,0,0,0,1,1,0
215," white house,  democrat lider//no ",0,0,0,0,0,1,0,1,0
216, dont know ,0,0,0,0,0,0,1,0,0
218, No clue. ,0,0,0,0,0,0,1,0,0
219, us senate ,0,0,0,0,0,1,0,0,0
220, dk//dk ,0,0,0,0,0,0,1,0,0
221, dont know  ,0,0,0,0,0,0,1,0,0
222, DO NOT REMEMBER// ,0,0,0,0,0,0,1,0,0
223, republican//i can't think ,0,0,0,0,0,1,0,0,1
225, Supreme Court Justice ,0,0,0,1,0,0,0,0,0
226, dk//dk ,0,0,0,0,0,0,1,0,0
228, congress// ,0,0,0,0,0,1,0,0,0
229, she doen/'t know nothing abour politics// ,0,0,0,0,0,0,1,0,0
230, senator ,0,0,0,0,0,1,0,0,0
232, CITY COUNSUL ,0,0,0,0,0,1,0,0,0
233, senator ,0,0,0,0,0,1,0,0,0
234, dk ,0,0,0,0,0,0,1,0,0
236, Chief jUSTICE OF THE sUPREMEM cOIURT ,1,0,0,0,0,0,0,0,0
237, don't know//congressman ,0,0,0,0,0,1,1,0,0
238," don't know, again i'm thinking senator ",0,0,0,0,0,1,1,0,1
239, dk//dk ,0,0,0,0,0,0,1,0,0
240, Senatate// ,0,0,0,0,0,1,0,0,0
241, dk//Senator ,0,0,0,0,0,1,1,0,0
242, dk//dk ,0,0,0,0,0,0,1,0,0
243, cHIEF jUSTICE OF sUPREME cOURT ,1,0,0,0,0,0,0,0,0
245, nOT SURE// DK ,0,0,0,0,0,0,1,0,0
246, dk//dk//no ,0,0,0,0,0,0,1,1,0
247, Dk//dk ,0,0,0,0,0,0,1,0,0
248, dk//dk ,0,0,0,0,0,0,1,0,0
249, DK//DK ,0,0,0,0,0,0,1,0,0
250, dk//dk ,0,0,0,0,0,0,1,0,0
252, nothing comes to mind ,0,0,0,0,0,0,1,0,0
253, supreme court justice ,0,0,0,1,0,0,0,0,0
254, state congress man ,0,0,0,0,0,1,0,0,0
255," i cant think what his job is, probe guess ",0,0,0,0,0,0,1,0,1
256," NOT SURE, DONT RECOGNIZE ",0,0,0,0,0,0,1,0,0
257, congressman ,0,0,0,0,0,1,0,0,0
258," dont know, senate from what state I dont know ",0,0,0,0,0,1,1,0,0
259, no idea ,0,0,0,0,0,0,1,0,0
260, NOT SURE GOVERNOR?Z ,0,0,0,0,0,1,1,0,0
261, house of representatives ,0,0,0,0,0,1,0,0,0
263, congressman ,0,0,0,0,0,1,0,0,0
264, democrat ,0,0,0,0,0,1,0,0,0
265, NO GUESS ,0,0,0,0,0,0,1,0,0
266, NO GUESS ,0,0,0,0,0,0,1,0,0
267," i dont know, i think he is , no  ",0,0,0,0,0,0,1,1,1
268, wont guess ,0,0,0,0,0,0,0,1,0
270," i have no idea, no guess ",0,0,0,0,0,0,1,0,0
271, dont know ,0,0,0,0,0,0,1,0,0
272, supreme court justice--head justice ,0,0,1,1,0,0,0,0,0
273, <RF> ,0,0,0,0,0,0,0,1,0
274, congress ,0,0,0,0,0,1,0,0,0
275, advisor to somebody or else he is an evangelical preacher ,0,0,0,0,0,1,0,0,0
276, us senator ,0,0,0,0,0,1,0,0,0
277, <RF> ,0,0,0,0,0,0,0,1,0
278, senator ,0,0,0,0,0,1,0,0,0
279, supreme court judge ,0,0,0,1,0,0,0,0,0
280, congressman ,0,0,0,0,0,1,0,0,0
281, never heard of him either financial ,0,0,0,0,0,1,1,0,0
282, representative ,0,0,0,0,0,1,0,0,0
283, supreme court chief justice ,1,0,0,0,0,0,0,0,0
284, treasury ,0,0,0,0,0,1,0,0,0
286, house of representatives ,0,0,0,0,0,1,0,0,0
287, chief justice of the united states ,1,0,0,0,0,0,0,0,0
288, senator ,0,0,0,0,0,1,0,0,0
289, prime minister of canada ,0,0,0,0,0,1,0,0,0
291, secretary treasurer ,0,0,0,0,0,1,0,0,0
292, governor ,0,0,0,0,0,1,0,0,0
293, director of the cia ,0,0,0,0,0,1,0,0,0
294, supreme court justice ,0,0,0,1,0,0,0,0,0
296, i don't know// senator ,0,0,0,0,0,1,1,0,0
298, i don't know ,0,0,0,0,0,0,1,0,0
299, I don't know// no guess ,0,0,0,0,0,0,1,0,0
300, I don't know him ,0,0,0,0,0,0,1,0,0
301, i don't know ,0,0,0,0,0,0,1,0,0
302, I don't know who's roberts ,0,0,0,0,0,0,1,0,0
303, i don't know who that is ,0,0,0,0,0,0,1,0,0
304," i have no clue, no  ",0,0,0,0,0,0,1,1,0
305, I don't know alot of them ,0,0,0,0,0,0,1,0,0
306, all these names I don't know ,0,0,0,0,0,0,1,0,1
307, I don't know// no ,0,0,0,0,0,0,1,1,0
308, I don't know him ,0,0,0,0,0,0,1,0,0
309, I don't know ,0,0,0,0,0,0,1,0,0
310, I don't know ,0,0,0,0,0,0,1,0,0
311, supreme court justice ,0,0,0,1,0,0,0,0,0
313, i don't know ,0,0,0,0,0,0,1,0,0
315, i don't know ,0,0,0,0,0,0,1,0,0
316, I am not going to guess not sure ,0,0,0,0,0,0,1,1,0
317, I don't know I don't have a guess ,0,0,0,0,0,0,1,0,0
318, I never heard ,0,0,0,0,0,0,1,0,0
320, i don't know ,0,0,0,0,0,0,1,0,0
321, I don't know what those people are who they are ,0,0,0,0,0,0,1,0,0
323, no no clue ,0,0,0,0,0,0,1,1,0
324, canidate in primary//senator maybe//don't know ,0,0,0,0,0,1,1,0,0
325, don't know//no idea//no ,0,0,0,0,0,0,1,1,0
326, don't know//democrat//no ,0,0,0,0,0,1,1,1,0
327, supreme court justice ,0,0,0,1,0,0,0,0,0
328, don't know//no ,0,0,0,0,0,0,1,1,0
329, don;t know who he is//don't remember//no ,0,0,0,0,0,0,1,1,0
330, chief justice of the supreme court ,1,0,0,0,0,0,0,0,0
331, no idea//no clue//no ,0,0,0,0,0,0,1,1,0
333, supreme court justice ,0,0,0,1,0,0,0,0,0
334, don't know//no guess//no ,0,0,0,0,0,0,1,1,0
335, no idea//no ,0,0,0,0,0,0,1,1,0
336, don't know//supreme court justice//no ,0,0,0,1,0,0,1,1,0
337, don't know//no guess//no ,0,0,0,0,0,0,1,1,0
339, don't know//no ,0,0,0,0,0,0,1,1,0
340, don't know//no ,0,0,0,0,0,0,1,1,0
341, supreme court justice ,0,0,0,1,0,0,0,0,0
342, don't know//no ,0,0,0,0,0,0,1,1,0
343, dk// dk ,0,0,0,0,0,0,1,0,0
344, don't know ,0,0,0,0,0,0,1,0,0
345, supreme court justice ,0,0,0,1,0,0,0,0,0
346, dk//Atttorney General ,0,0,0,0,0,1,1,0,0
347, chief justice of the US supreme court ,1,0,0,0,0,0,0,0,0
348," dont' know, don't know why i don't know,// should watch more tv, i do worry about it i should know more ",0,0,0,0,0,0,1,0,1
349, congress or military or some judge ,0,0,0,0,0,1,0,0,0
350, no idea//no ,0,0,0,0,0,0,1,1,0
351, dont know ,0,0,0,0,0,0,1,0,0
352, //no//no ,0,0,0,0,0,0,0,1,0
353, don't know//no ,0,0,0,0,0,0,1,1,0
354, //no ,0,0,0,0,0,0,0,1,0
355, senator ,0,0,0,0,0,1,0,0,0
356, undecided ,0,0,0,0,0,0,1,0,0
358, //no ,0,0,0,0,0,0,0,1,0
359, dk//no ,0,0,0,0,0,0,1,1,0
360, supreme court judge ,0,0,0,1,0,0,0,0,0
361, dk//no ,0,0,0,0,0,0,1,1,0
362, supreme court ,0,0,0,1,0,0,0,0,0
363, don't know//no ,0,0,0,0,0,0,1,1,0
364, dk//dk ,0,0,0,0,0,0,1,0,0
365, judge ,0,0,0,0,0,1,0,0,0
366, dk//no ,0,0,0,0,0,0,1,1,0
367, no idea ,0,0,0,0,0,0,1,0,0
368, no//np ,0,0,0,0,0,0,0,1,0
369, congressman ,0,0,0,0,0,1,0,0,0
370, senate ,0,0,0,0,0,1,0,0,0
371, undecided ,0,0,0,0,0,0,1,0,0
373, congress ,0,0,0,0,0,1,0,0,0
374, have no idea ,0,0,0,0,0,0,1,0,0
375, supreme court justice ,0,0,0,1,0,0,0,0,0
376, undecided ,0,0,0,0,0,0,1,0,0
377, rep. whip ,0,0,0,0,0,1,0,0,0
378, cna;t recall  ,0,0,0,0,0,0,1,0,0
379, representative ,0,0,0,0,0,1,0,0,0
380, mayor ,0,0,0,0,0,1,0,0,0
381, senate ,0,0,0,0,0,1,0,0,0
382, supreme court justice ,0,0,0,1,0,0,0,0,0
383," ""//"" guess congress ",0,0,0,0,0,1,0,0,1
386, undecided ,0,0,0,0,0,0,1,0,0
387, i dont know who he is ,0,0,0,0,0,0,1,0,0
388, on idea ,0,0,0,0,0,0,1,0,0
389, senator ,0,0,0,0,0,1,0,0,0
390, coulnt tell you ,0,0,0,0,0,0,1,0,0
391, congress ,0,0,0,0,0,1,0,0,0
392, senator ,0,0,0,0,0,1,0,0,0
393, senator ,0,0,0,0,0,1,0,0,0
394, supereme court justice ,0,0,0,1,0,0,0,0,0
395, prime minister of Australia ,0,0,0,0,0,1,0,0,0
396, undecided ,0,0,0,0,0,0,1,0,0
398, //dk//no ,0,0,0,0,0,0,1,1,0
399, press sec ,0,0,0,0,0,1,0,0,0
400, dk//no ,0,0,0,0,0,0,1,1,0
401, //no ,0,0,0,0,0,0,0,1,0
402, federal gov ,0,0,0,0,0,1,0,0,0
403, //don't know//no ,0,0,0,0,0,0,1,1,0
404, don't know//no ,0,0,0,0,0,0,1,1,0
405, supreme court ,0,0,0,1,0,0,0,0,0
406, supreme court chief justice ,1,0,0,0,0,0,0,0,0
407, //no idea//no ,0,0,0,0,0,0,1,1,0
408, supreme court judge ,0,0,0,1,0,0,0,0,0
409, supreme court ,0,0,0,1,0,0,0,0,0
410, don't know//no ,0,0,0,0,0,0,1,1,0
411, //no ,0,0,0,0,0,0,0,1,0
412, //no ,0,0,0,0,0,0,0,1,0
413, dk//dk ,0,0,0,0,0,0,1,0,0
414, never heard name ,0,0,0,0,0,0,1,0,0
415, retired? ,0,0,0,0,0,1,0,0,0
416, dk--nevr heard his name ,0,0,0,0,0,0,1,0,0
417, dk ,0,0,0,0,0,0,1,0,0
418, Senator I think ,0,0,0,0,0,1,0,0,1
420, dk name ,0,0,0,0,0,0,1,0,0
421, Supreme Court Judge ,0,0,0,1,0,0,0,0,0
422, PUT HIM ON A BULL RIDER ,0,0,0,0,1,0,0,0,0
423, dk//dk ,0,0,0,0,0,0,1,0,0
424, supreme court justice (prompted by husband) ,0,0,0,1,0,0,0,0,1
425, foreign affairs? ,0,0,0,0,0,1,0,0,0
426, Speaker of the house? ,0,0,0,0,0,1,0,0,0
427," senator, I think ",0,0,0,0,0,1,0,0,1
428, dk//dk ,0,0,0,0,0,0,1,0,0
429," Judge, panel of judges ",0,0,0,0,0,1,0,0,0
430," dk, never heard of him ",0,0,0,0,0,0,1,0,0
431, News anchor?  Cokie Robert's son? ,0,0,0,0,0,1,0,0,0
432," bush adminstration, can't guess ",0,0,0,0,0,1,1,0,0
433, treasury? ,0,0,0,0,0,1,0,0,0
434, senator ,0,0,0,0,0,1,0,0,0
435, Supreme court ,0,0,0,1,0,0,0,0,0
436, house representative? ,0,0,0,0,0,1,0,0,0
437," Senator, maybe, DK ",0,0,0,0,0,1,1,0,1
438," legislature, dk ",0,0,0,0,0,1,1,0,0
439," dk, maybe somewhee in the Senators ",0,0,0,0,0,1,1,0,0
440, dk//secy of state ,0,0,0,0,0,1,1,0,0
441, dk//dk ,0,0,0,0,0,0,1,0,0
442, dont know1 ,0,0,0,0,0,0,1,0,0
443, dk// ,0,0,0,0,0,0,1,0,0
444, dk//dk/ ,0,0,0,0,0,0,1,0,0
446, Attorney general ,0,0,0,0,0,1,0,0,0
447, dk ,0,0,0,0,0,0,1,0,0
448, maybe Congress or Senate ,0,0,0,0,0,1,0,0,0
449, dk//homeland security?  DK ,0,0,0,0,0,1,1,0,0
450, dk//dk ,0,0,0,0,0,0,1,0,0
451, respondent does not know ,0,0,0,0,0,0,1,0,0
453, military official ,0,0,0,0,0,1,0,0,0
454, dont know//Canadain Prime Minister ,0,0,0,0,0,1,1,0,0
455, respondent has no idea\\no ,0,0,0,0,0,0,1,1,0
456, respondent has no clue ,0,0,0,0,0,0,1,0,0
457, respondent has no idea ,0,0,0,0,0,0,1,0,0
458, don't know//no ,0,0,0,0,0,0,1,1,0
459, //don't know//no ,0,0,0,0,0,0,1,1,0
460, //don't know//no ,0,0,0,0,0,0,1,1,0
461, don't know. ,0,0,0,0,0,0,1,0,0
462, respondent does not know ,0,0,0,0,0,0,1,0,0
463, respondent does  not know who this is ,0,0,0,0,0,0,1,0,0
464, don't know//no ,0,0,0,0,0,0,1,1,0
466, senate ,0,0,0,0,0,1,0,0,0
467, //don't know. ,0,0,0,0,0,0,1,0,0
470, //i don't know. ,0,0,0,0,0,0,1,0,0
471, //don't know// ,0,0,0,0,0,0,1,0,0
472, supreme court justice ,0,0,0,1,0,0,0,0,0
473," //don't know, no guess. ",0,0,0,0,0,0,1,0,0
475, //don't know//no ,0,0,0,0,0,0,1,1,0
476, //don't know// ,0,0,0,0,0,0,1,0,0
477, vice-president ,0,0,0,0,0,1,0,0,0
478, //senator ,0,0,0,0,0,1,0,0,0
479, //don't know//the presidents secretary//no ,0,0,0,0,0,1,1,1,0
480, i never heard of him// ,0,0,0,0,0,0,1,0,0
481, house of representatives ,0,0,0,0,0,1,0,0,0
482, republican ,0,0,0,0,0,1,0,0,0
483, senator or in other house ,0,0,0,0,0,1,0,0,0
484, dont know ,0,0,0,0,0,0,1,0,0
485, chief justice of supreme court ,1,0,0,0,0,0,0,0,0
487," supreme court, might be chief justice ",0,1,0,1,0,0,0,0,0
488, senate ,0,0,0,0,0,1,0,0,0
489, don't know ,0,0,0,0,0,0,1,0,0
490, australian prime minister ,0,0,0,0,0,1,0,0,0
491, don't know ,0,0,0,0,0,0,1,0,0
492, governor ,0,0,0,0,0,1,0,0,0
493, don't know ,0,0,0,0,0,0,1,0,0
494, never heard of him ,0,0,0,0,0,0,1,0,0
495, R does not know this name//supreme court justice//no ,0,0,0,1,0,0,1,1,0
496, political job - does not know which one ,0,0,0,0,0,1,1,0,0
497, come back to this one too//??? ,0,0,0,0,0,0,0,1,0
498, Democrat in the party ,0,0,0,0,0,1,0,0,0
499,  DOES NOT RECOGNIZE EVEN AFTER PROBINGS ,0,0,0,0,0,0,1,0,0
500,  R doesn't know. ,0,0,0,0,0,0,1,0,0
501, DOES NOT KNOW ,0,0,0,0,0,0,1,0,0
502, doesn't know anything about him.  she is not familiar with him ,0,0,0,0,0,0,1,0,0
503, does'n't know// has not got a clue ,0,0,0,0,0,0,1,0,0
504,  R does not know - even after probing ,0,0,0,0,0,0,1,0,0
505, WHO THE ...??//IS IS HE IN THE SENATE OR HOUSE OF REPRESETNTIVES ,0,0,0,0,0,1,1,0,0
506, doesn't know after probing ,0,0,0,0,0,0,1,0,0
508, is he in government?//DK ,0,0,0,0,0,1,1,0,0
509, R has no clue//no ,0,0,0,0,0,0,1,1,0
510, R doesn't know ,0,0,0,0,0,0,1,0,0
511,  does not know even after probing ,0,0,0,0,0,0,1,0,0
512, no idea//something in delaware//no ,0,0,0,0,0,1,1,1,0
513, never heard ofhim neither//cannot guess//no ,0,0,0,0,0,0,1,1,0
514, the senate or something//just pulling at straws//no ,0,0,0,0,0,1,0,1,1
515, WHO IS HE?//DON'T KNOW WHAT HE IS//STOP ,0,0,0,0,0,0,1,1,1
516, DON'T KNOW JOHN ROBERTS//DEPARTMENT OF INTERIOR//STOP ,0,0,0,0,0,1,1,1,0
517, STATE HOUSE ,0,0,0,0,0,1,0,0,0
518, DON'T KNOW//SECRETARY OF TREASURY ,0,0,0,0,0,1,1,0,0
519, HEARD THAT NAME BEFORE BUT I DON'T KNOW// SOMETHING WITH THE GOVERNMENT// HOUSE OF REPRESENTATIVES ,0,0,0,0,0,1,1,0,1
520, DON'T KNOW//FINANCIAL... DON'T KNOW// STOP ,0,0,0,0,0,1,1,1,0
521," DON'T KNOW HIM// I HAVE NO GUESS, DON'T KNOW ",0,0,0,0,0,0,1,0,0
522, I DON'T KNOW//CHIEF OF STAFF OF THE SUPREME COURT ,1,0,0,0,0,0,1,0,0
523, NO IDEA// SENATE// STOP ,0,0,0,0,0,1,1,1,0
524, I DON'T KNOW// I DON'T HAVE A GUESS// STOP ,0,0,0,0,0,0,1,1,0
525, HE IS IN CONGRESS SOME PLACE BUT I DON'T KNOW THEM ,0,0,0,0,0,1,1,0,0
526, i have no idea //preess sec  ,0,0,0,0,0,1,1,0,0
528, dont know//no ,0,0,0,0,0,0,1,1,0
529, senator ,0,0,0,0,0,1,0,0,0
530, i dont know//austrialian prime minister ,0,0,0,0,0,1,1,0,0
531, /i neve heard of him ,0,0,0,0,0,0,1,0,0
532, i don't know// don't know 1 ,0,0,0,0,0,0,1,0,0
533, supreme court justice ,0,0,0,1,0,0,0,0,0
534, second seat in congress ,0,0,0,0,0,1,0,0,0
535, no idea//have no guesss//no ,0,0,0,0,0,0,1,1,0
536, i dont know ,0,0,0,0,0,0,1,0,0
537, dont kno ,0,0,0,0,0,0,1,0,0
538, /senate committee ,0,0,0,0,0,1,0,0,0
539, i know the name but don't know // I don't have a guess ,0,0,0,0,0,0,1,0,1
540, i dont know ,0,0,0,0,0,0,1,0,0
541, conatur n ,0,0,0,0,0,1,0,0,0
543, i dont know/ i dont know/no ,0,0,0,0,0,0,1,1,0
544, us house house of reps ,0,0,0,0,0,1,0,0,0
545, i dont know//no ,0,0,0,0,0,0,1,1,0
546, i don't know // i still do n't know  ,0,0,0,0,0,0,1,0,0
547, i dont know//no ,0,0,0,0,0,0,1,1,0
548, //congress ,0,0,0,0,0,1,0,0,0
549, i n't know // a coossman ,0,0,0,0,0,1,1,0,0
550, i dont know//no ,0,0,0,0,0,0,1,1,0
551, dont know/no ,0,0,0,0,0,0,1,1,0
552, i dont know//no ,0,0,0,0,0,0,1,1,0
553, i dont know ,0,0,0,0,0,0,1,0,0
554, not familiar ,0,0,0,0,0,0,1,0,0
555, //idont know/no ,0,0,0,0,0,0,1,1,0
556, i dont know who he is either. ,0,0,0,0,0,0,1,0,0
557, i cant remember//i dont know//no ,0,0,0,0,0,0,1,1,0
558,  republican/no ,0,0,0,0,0,1,0,1,0
559, i dont know ,0,0,0,0,0,0,1,0,0
560, never heard of him// ,0,0,0,0,0,0,1,0,0
561, i dont know ,0,0,0,0,0,0,1,0,0
562, i have no idea // i have no idea ,0,0,0,0,0,0,1,0,0
563, never heard of him ,0,0,0,0,0,0,1,0,0
564, i ;m not sure the sure addveas ,0,0,0,0,0,0,1,0,1
565, i never heard of him //  have no clue ,0,0,0,0,0,0,1,0,0
566, who are the people where did you eople dig them up from ,0,0,0,0,0,0,1,0,1
568, i don't know// one of the pres hench man// one of the people he the pres apoints his sefe ,0,0,0,0,0,1,1,0,0
569, i dont know//no ,0,0,0,0,0,0,1,1,0
570, surprme court ,0,0,0,1,0,0,0,0,0
571, i don't know//rep of house ,0,0,0,0,0,1,1,0,0
572, chief justice ,0,1,0,0,0,0,0,0,0
573, i do't know//trusure the head of the trursure ,0,0,0,0,0,1,1,0,0
574, i think he is the surpress count chift of the court ,1,0,0,0,0,0,0,0,1
575, i don't know// the senit ,0,0,0,0,0,1,1,0,0
576, i don't know// the us surprm conts j ,0,0,0,1,0,0,1,0,0
577, i do'nt know// sec of state ,0,0,0,0,0,1,1,0,0
578, i don't// know '// and no guess ,0,0,0,0,0,0,1,0,0
579, no idea // surpreess court ,0,0,0,1,0,0,1,0,0
580, vice president ,0,0,0,0,0,1,0,0,0
581, dont remembers ,0,0,0,0,0,0,1,0,0
582, nope ,0,0,0,0,0,0,0,1,0
583, nothin ,0,0,0,0,0,0,0,1,0
584, not remembering ,0,0,0,0,0,0,1,0,0
585, dont recognizes s ,0,0,0,0,0,0,1,0,0
586, no ,0,0,0,0,0,0,0,1,0
587, supreme court justice ,0,0,0,1,0,0,0,0,0
588, dont know ,0,0,0,0,0,0,1,0,0
589, nothing  ,0,0,0,0,0,0,0,1,0
590, not sure/na ,0,0,0,0,0,0,1,1,0
591, no ,0,0,0,0,0,0,0,1,0
592, don't know// na ,0,0,0,0,0,0,1,1,0
593, supreme  court justice ,0,0,0,1,0,0,0,0,0
595, no never hear of him never come down this far here to me ,0,0,0,0,0,0,1,1,1
596, dont know ,0,0,0,0,0,0,1,0,0
597, know idea//na   ,0,0,0,0,0,0,1,1,0
598, senator ,0,0,0,0,0,1,0,0,0
599, chief justice of supreme court ,1,0,0,0,0,0,0,0,0
600, supreme court justice ,0,0,0,1,0,0,0,0,0
602, trasury ,0,0,0,0,0,1,0,0,0
603, no dont recognise ,0,0,0,0,0,0,1,1,0
604, mail man// don't know//na ,0,0,0,0,0,1,1,1,0
605, heard the name but ,0,0,0,0,0,0,0,0,1
606, cant remember ,0,0,0,0,0,0,1,0,0
607, no idea//na ,0,0,0,0,0,0,1,1,0
608, replaced tony blair prime minister of great britain ,0,0,0,0,1,1,0,0,0
609, //na ,0,0,0,0,0,0,0,1,0
611, dont know ,0,0,0,0,0,0,1,0,0
613, dk ,0,0,0,0,0,0,1,0,0
614," I'VE HEARD OF HIM//I DON'T KNOW HIS POSITION, I KNOW THE NAME AND I KNOW I READ SOMETHING ABOUT WHAT HE DOES, I REMEMBER THE NAME BUT NOT HIS POSITION//WAS HE RUNNING FOR A POSITION?// I READ SOMETHING RECENTLY, BUT DON'T KNOW//STOP ",0,0,0,0,1,0,1,1,1
615, SENATOR ,0,0,0,0,0,1,0,0,0
616, <RF> ,0,0,0,0,0,0,0,1,0
617, dk ,0,0,0,0,0,0,1,0,0
618, <RF> ,0,0,0,0,0,0,0,1,0
622, <RF> ,0,0,0,0,0,0,0,1,0
623, dont know ,0,0,0,0,0,0,1,0,0
624, CHIEF JUSTICE OF THE SUPREME COURT ,1,0,0,0,0,0,0,0,0
625, I DON'T KNOW ,0,0,0,0,0,0,1,0,0
626," DON'T KNOW, HEARD HIS NAME BUT DON'T KNOW//DON'T KNOW// STOP ",0,0,0,0,0,0,1,1,1
627, I DON'T KNOW//NO IDEA//MAYOR//STOP ,0,0,0,0,0,1,1,1,0
629, DON'T KNOW//SOUTH CAROLINA REPRESENTATIVE//STOP ,0,0,0,0,0,1,1,1,0
630," DON'T KNOW//ENVIRONMENTAL, CABINET ",0,0,0,0,0,1,1,0,0
631, I DON'T KNOW//I DON'T KNOW//STOP ,0,0,0,0,0,0,1,1,0
632, DON'T KNOW//CONGRESS ,0,0,0,0,0,1,1,0,0
633, NO CLUE//NO CLUE IN MY BEST GUESS//STOP ,0,0,0,0,0,0,1,1,0
634, I HEARD THE NAME//ATTORNEY GENERAL ,0,0,0,0,0,1,0,0,1
636, SENATOR? ,0,0,0,0,0,1,0,0,0
637," DON'T KNOW WHO HE IS//I DON'T KNOW, I HAVE NO IDEA ",0,0,0,0,0,0,1,0,0
638, DON'T KNOW//CONGRESS ,0,0,0,0,0,1,1,0,0
639, DON'T KNOW HIM//ONE MORE//DON'T KNOW WHO HE IS//STOP ,0,0,0,0,0,0,1,1,1
640, DON'T KNOW HIM//STOP ,0,0,0,0,0,0,1,1,0
641, congress ,0,0,0,0,0,1,0,0,0
642, congress ,0,0,0,0,0,1,0,0,0
643, no idea//na ,0,0,0,0,0,0,1,1,0
644, senator ,0,0,0,0,0,1,0,0,0
645, prime minister canada ,0,0,0,0,0,1,0,0,0
646, newscaster ,0,0,0,0,0,1,0,0,0
648, senator ,0,0,0,0,0,1,0,0,0
649, house of representatives ,0,0,0,0,0,1,0,0,0
650, no clue// no//na ,0,0,0,0,0,0,1,1,0
651, judge ,0,0,0,0,0,1,0,0,0
652, don't know// nope on guessing//na ,0,0,0,0,0,0,1,1,0
653, chief justice supreme court ,1,0,0,0,0,0,0,0,0
654, school superintendant ,0,0,0,0,0,1,0,0,0
655, don't know 1 ,0,0,0,0,0,0,1,0,0
656, chief justice supreme court ,1,0,0,0,0,0,0,0,0
657, {shrugs} // not a big fan of guessing//na ,0,0,0,0,0,0,1,1,0
658, heard name but don't know what he does//no//na ,0,0,0,0,0,0,1,1,1
659, congress ,0,0,0,0,0,1,0,0,0
660, transportation ,0,0,0,0,0,1,0,0,0
661, tv preacher ,0,0,0,0,0,1,0,0,0
662, drew a blank// seems familiar// we're all stumped ,0,0,0,0,0,0,1,0,1
664, don't know // na ,0,0,0,0,0,0,1,1,0
665, don't know// na ,0,0,0,0,0,0,1,1,0
666, not sure ,0,0,0,0,0,0,1,0,0
667, cant remember running for president ,0,0,0,0,1,0,1,0,0
668, dont know ,0,0,0,0,0,0,1,0,0
669, absolutely no idea// heard of name// probrably secretary of something// na ,0,0,0,0,0,1,1,1,1
670, supreme court justice ,0,0,0,1,0,0,0,0,0
671, nope ,0,0,0,0,0,0,0,1,0
672, dont know ,0,0,0,0,0,0,1,0,0
673, i dont know ,0,0,0,0,0,0,1,0,0
674, no ,0,0,0,0,0,0,0,1,0
675, nope ,0,0,0,0,0,0,0,1,0
676, dont remember ,0,0,0,0,0,0,1,0,0
678, dont recognices ,0,0,0,0,0,0,1,0,0
679, attorney general ,0,0,0,0,0,1,0,0,0
680, nothin ,0,0,0,0,0,0,0,1,0
681, chief justice supreme court ,1,0,0,0,0,0,0,0,0
682, never heard of him ,0,0,0,0,0,0,1,0,0
683, beyond me ,0,0,0,0,0,0,1,0,0
684, dont recognize oh supreme court justices ,0,0,0,1,0,0,1,0,0
685, head judge for the supreme court ,0,0,1,0,0,0,0,0,0
686, senator ,0,0,0,0,0,1,0,0,0
688, He is on the Supreme Court ,0,0,0,1,0,0,0,0,0
689," Supreme Court Justice, Chief Justice ",0,1,0,1,0,0,0,0,0
690, SENATOR ,0,0,0,0,0,1,0,0,0
691," I have no idea/////again, no idea ",0,0,0,0,0,0,1,0,0
692," I know his name,\\\\no idea ",0,0,0,0,0,0,1,0,1
693," I don't know where to place him, Secretary of Agriculture ",0,0,0,0,0,1,1,0,0
694, Don't know..ibviously not done anything of importance ,0,0,0,0,1,0,1,0,0
695, Senator ,0,0,0,0,0,1,0,0,0
696," Don't have a clue, name does not ring a bell ",0,0,0,0,0,0,1,0,0
697, No idea ,0,0,0,0,0,0,1,0,0
698," Senate, I think! ",0,0,0,0,0,1,0,0,1
699," John Roberts,/////maybe in congress or in the senate. ",0,0,0,0,0,1,0,0,0
700, Supreme Court Justice ,0,0,0,1,0,0,0,0,0
701, I don't know what office ,0,0,0,0,0,0,1,0,0
702, SENATOR FROM SOME STATE ,0,0,0,0,0,1,0,0,0
703, Head of Foreign Affairs ,0,0,0,0,0,1,0,0,0
704, The Supreme Court Justice ,0,0,0,1,0,0,0,0,0
705, no idea// best guess// no guess ,0,0,0,0,0,0,1,0,1
706, i really dont know// your best guess//  i dont know if he is head of FEMA ,0,0,0,0,0,1,1,0,1
707, senator ,0,0,0,0,0,1,0,0,0
708, i don't know// your best guess// I would say a senate seat for him too ,0,0,0,0,0,1,1,0,1
709, i will say the state ,0,0,0,0,0,1,0,0,1
710, never heard the name ,0,0,0,0,0,0,1,0,0
711, i not sure// your best guess// senate// NO ,0,0,0,0,0,1,1,1,1
712, senator ,0,0,0,0,0,1,0,0,0
713, dont know him ,0,0,0,0,0,0,1,0,0
714, vice congress ,0,0,0,0,0,1,0,0,0
715, not familiar ,0,0,0,0,0,0,1,0,0
716, i don't know// best guess/  I don't know//NO ,0,0,0,0,0,0,1,1,1
718, does he have something to do with finanical// NO ,0,0,0,0,0,1,0,1,0
720, democratic ,0,0,0,0,0,1,0,0,0
721, don' know him ,0,0,0,0,0,0,1,0,0
722, don't know ,0,0,0,0,0,0,1,0,0
724, i have no idea ,0,0,0,0,0,0,1,0,0
725, representive ,0,0,0,0,0,1,0,0,0
727, no clue ,0,0,0,0,0,0,1,0,0
729, senate ,0,0,0,0,0,1,0,0,0
731, dk// no iidea ,0,0,0,0,0,0,1,0,0
732, supream court I think ,0,0,0,1,0,0,0,0,1
733, dk//I heard the name but..// ,0,0,0,0,0,0,1,0,1
734, dk// no idea ,0,0,0,0,0,0,1,0,0
735, //no idea ,0,0,0,0,0,0,1,0,0
736, //no guess ,0,0,0,0,0,0,1,0,0
738, dk/ not a clue// no idea ,0,0,0,0,0,0,1,0,0
739, dk no idea ,0,0,0,0,0,0,1,0,0
740, //dk// no idea ,0,0,0,0,0,0,1,0,0
741, dk// no idea I don't care about the 2nd man or 3 think man why shiuld I say something about someone Idk?// ,0,0,0,0,0,0,1,0,1
742, no clue// no idea ,0,0,0,0,0,0,1,0,0
743, dk// no idea ,0,0,0,0,0,0,1,0,0
744, /dk/no idea// ,0,0,0,0,0,0,1,0,0
746, dk/no idea ,0,0,0,0,0,0,1,0,0
747, dk no idea ,0,0,0,0,0,0,1,0,0
748, dk/no ideaq ,0,0,0,0,0,0,1,0,0
749, i don't know ,0,0,0,0,0,0,1,0,0
750, chift justis of the sc ,1,0,0,0,0,0,0,0,0
751, I don't know ,0,0,0,0,0,0,1,0,0
752, I don't know ,0,0,0,0,0,0,1,0,0
753, i don't know ,0,0,0,0,0,0,1,0,0
754, i don't know ,0,0,0,0,0,0,1,0,0
756, he is a juge ,0,0,0,0,0,1,0,0,0
757, i know I heard the name but i don't know that 1 ever //state ,0,0,0,0,0,1,1,0,1
758, i do n't know// I really don't know  ,0,0,0,0,0,0,1,0,0
759, i don't know ,0,0,0,0,0,0,1,0,0
760, dk no idea ,0,0,0,0,0,0,1,0,0
761, i don't know // why don't i know these peolpe // sensecet ,0,0,0,0,0,1,1,0,1
762, no guess// no  ,0,0,0,0,0,0,1,1,0
763, i don't know//cirse act ,0,0,0,0,0,1,1,0,0
764, I NEVER HAVE HEARD OF JOHN ROBERTS// I DONT KNOW ,0,0,0,0,0,0,1,0,0
765, i dont remember; i have to take a guess// white house office// ,0,0,0,0,0,1,1,0,1
766, I don't know//no ,0,0,0,0,0,0,1,1,0
767, in the senate//no ,0,0,0,0,0,1,0,1,0
768, republican senate ,0,0,0,0,0,1,0,0,0
769, state representive ,0,0,0,0,0,1,0,0,0
770, don't know//never heard of his name ,0,0,0,0,0,0,1,0,0
772, don't know heard his name too//he does something for the house of representatives ,0,0,0,0,0,1,1,0,1
774, not sure//not sure ,0,0,0,0,0,0,1,0,0
775, don't know//don't know ,0,0,0,0,0,0,1,0,0
776, us senitor// ,0,0,0,0,0,1,0,0,0
777, I don't know//don't know ,0,0,0,0,0,0,1,0,0
778, i DON'T KNOW HIM EITHER//don't know ,0,0,0,0,0,0,1,0,0
779, Don't NO?/DK ,0,0,0,0,0,0,1,0,0
780, Don't know//DK ,0,0,0,0,0,0,1,0,0
781, DK//DK ,0,0,0,0,0,0,1,0,0
782," don't know//I don't know, never heard of him. ",0,0,0,0,0,0,1,0,0
783, God. Don't know/don't know ,0,0,0,0,0,0,1,0,0
784, don't know maybe a congressman ,0,0,0,0,0,1,1,0,0
785, UM secretary of defense. ,0,0,0,0,0,1,0,0,0
786, don't know//don't know ,0,0,0,0,0,0,1,0,0
787, don't know//no idea ,0,0,0,0,0,0,1,0,0
788, on Supreme Ct. ,0,0,0,1,0,0,0,0,0
789, don't know//don't know ,0,0,0,0,0,0,1,0,0
790, not sure //governmental ,0,0,0,0,0,1,1,0,0
791, Don't know//Don't know ,0,0,0,0,0,0,1,0,0
792, Supreme court ,0,0,0,1,0,0,0,0,0
793, don't know//a member of the house ,0,0,0,0,0,1,1,0,0
795, Supreme Court Judge.// ,0,0,0,1,0,0,0,0,0
797, Don't know./no guess.// ,0,0,0,0,0,0,1,0,0
798, Don't know./I have no idea.// ,0,0,0,0,0,0,1,0,0
799, Don't know./Don't know.// ,0,0,0,0,0,0,1,0,0
800, Don't know./no guess.// ,0,0,0,0,0,0,1,0,0
801, Not sure/No guess.// ,0,0,0,0,0,0,1,0,0
802, I have no idea./Homeland Security.// ,0,0,0,0,0,1,1,0,0
803, No idea/Dean of school board.// ,0,0,0,0,0,1,1,0,0
804, I have no idea - haven't heard his name./no guess - congress?// ,0,0,0,0,0,1,1,0,0
805, Not sure./Republican Senator.// ,0,0,0,0,0,1,1,0,0
806, Supreme Court.// ,0,0,0,1,0,0,0,0,0
807, No idea./no guess.// ,0,0,0,0,0,0,1,0,0
808, no clue ,0,0,0,0,0,0,1,0,0
809, Attorney General.// ,0,0,0,0,0,1,0,0,0
810, Don't know.//I really don't know//Chief of Staff at the White House - really don't know - just guessing.// ,0,0,0,0,0,1,1,0,1
812, dont know/ ,0,0,0,0,0,0,1,0,0
813, dont know ,0,0,0,0,0,0,1,0,0
814, I have no idea and no guess!// ,0,0,0,0,0,0,1,0,0
815, SENATE i THINK// ,0,0,0,0,0,1,0,0,1
816, dont know him// ,0,0,0,0,0,0,1,0,0
818, I have no idea./No guess.// ,0,0,0,0,0,0,1,0,0
819, dont know/ ,0,0,0,0,0,0,1,0,0
821, supreme court justice ,0,0,0,1,0,0,0,0,0
822, Don't know./No guess.// ,0,0,0,0,0,0,1,0,0
823, dont know/ no/ ,0,0,0,0,0,0,1,1,0
825, house of representatvie ,0,0,0,0,0,1,0,0,0
826, //don't know//no ,0,0,0,0,0,0,1,1,0
827, //don't know//US Senate ,0,0,0,0,0,1,1,0,0
828, chief justice of sumpreme court ,1,0,0,0,0,0,0,0,0
829, //congress ,0,0,0,0,0,1,0,0,0
830, //don't know ,0,0,0,0,0,0,1,0,0
831, //don't know ,0,0,0,0,0,0,1,0,0
832, //don't know ,0,0,0,0,0,0,1,0,0
833, //DON'T KNOW// ,0,0,0,0,0,0,1,0,0
834, //don't know ,0,0,0,0,0,0,1,0,0
835, //nwvwe heard of him//ok ,0,0,0,0,0,0,1,0,1
836, senator ,0,0,0,0,0,1,0,0,0
837, //don't know// ,0,0,0,0,0,0,1,0,0
838, //don't know ,0,0,0,0,0,0,1,0,0
839, //don't know// ,0,0,0,0,0,0,1,0,0
840, //don't know ,0,0,0,0,0,0,1,0,0
842, chief justice ,0,1,0,0,0,0,0,0,0
843, //don't know the name ,0,0,0,0,0,0,1,0,0
844, //don't know//don't know ,0,0,0,0,0,0,1,0,0
845, sumpreme court justice ,0,0,0,1,0,0,0,0,0
846, senator ,0,0,0,0,0,1,0,0,0
847, Don't know./Congress.// ,0,0,0,0,0,1,1,0,0
848, Congress// ,0,0,0,0,0,1,0,0,0
849, //never heard of him ,0,0,0,0,0,0,1,0,0
850, republican ,0,0,0,0,0,1,0,0,0
851,  i have heard of him is he in the house ,0,0,0,0,0,1,0,0,1
852, i dont know i dont have any idea ,0,0,0,0,0,0,1,0,0
853, senator ,0,0,0,0,0,1,0,0,0
854,  he just doesnt know ,0,0,0,0,0,0,1,0,0
855, dont know probably congres ,0,0,0,0,0,1,1,0,0
857, dont know dont even know what different offices we are talking about ,0,0,0,0,0,0,1,0,0
858, house of represenatives i guess ,0,0,0,0,0,1,0,0,1
859, SENATOR//DON'T HAVE A CLUE// ,0,0,0,0,0,1,1,0,0
861, isnt he a senator ,0,0,0,0,0,1,0,0,0
862, dont regonize the name ,0,0,0,0,0,0,1,0,0
863, senator ,0,0,0,0,0,1,0,0,0
864, chief justice of the u.s. . ,1,0,0,0,0,0,0,0,0
865, SUPREME COURT JUDGE//NO ,0,0,0,1,0,0,0,1,0
866, HOUSE OF REPRESENTATIVES ,0,0,0,0,0,1,0,0,0
867, SENATE//I DON'T REALLY KNOW// ,0,0,0,0,0,1,1,0,0
868, SENATOR ,0,0,0,0,0,1,0,0,0
869, GOVERNOR OF FLORIDA//I HAVE NO IDEA//NO ,0,0,0,0,0,1,1,1,0
870, MILITARY ,0,0,0,0,0,1,0,0,0
871, SENATOR ,0,0,0,0,0,1,0,0,0
872, SENATOR//JUST A GUESS//NO ,0,0,0,0,0,1,0,1,1
873, SENATE ,0,0,0,0,0,1,0,0,0
874, SENATOR ,0,0,0,0,0,1,0,0,0
876, CHIEF JUSTICE OF THE SUPREME COURT ,1,0,0,0,0,0,0,0,0
877, SENATOR//BUT DON'T REALLY KNOW//NO ,0,0,0,0,0,1,1,1,0
879, I never heard anybody ever say//no quess ,0,0,0,0,0,0,1,0,0
880, //best quess//no ,0,0,0,0,0,0,0,1,1
881, dont know ,0,0,0,0,0,0,1,0,0
882, //foriegn minister ,0,0,0,0,0,1,0,0,0
883, house of rep ,0,0,0,0,0,1,0,0,0
884, don't know//best guess//don't know ,0,0,0,0,0,0,1,0,1
885, do not know//guess// ,0,0,0,0,0,0,1,0,1
887, donot know//best guess//donot know ,0,0,0,0,0,0,1,0,1
888, one of the supreme court justices ,0,0,0,1,0,0,0,0,0
889, he is in hte senate//I do not know what job he holds// I hear good things about him//no   ,0,0,0,0,0,1,1,1,1
890, donot know ,0,0,0,0,0,0,1,0,0
891, donot know//best guess//donot know ,0,0,0,0,0,0,1,0,1
892," don't know,//don't know ",0,0,0,0,0,0,1,0,0
893, donot know//best guess/ do not know ,0,0,0,0,0,0,1,0,1
895, dont know// don't know ,0,0,0,0,0,0,1,0,0
896, don't know//I really dont know ,0,0,0,0,0,0,1,0,0
897, donot know//best guess//do not know ,0,0,0,0,0,0,1,0,1
898, do not know ,0,0,0,0,0,0,1,0,0
900, donot know//no best guess ,0,0,0,0,0,0,1,0,0
901, donot know ,0,0,0,0,0,0,1,0,0
902, never heard of him//best guess//donot know ,0,0,0,0,0,0,1,0,1
903, don't know// in whitehouse ,0,0,0,0,0,1,1,0,0
904, //dont know ,0,0,0,0,0,0,1,0,0
905, //house of rep ,0,0,0,0,0,1,0,0,0
906, donot know//best guess//do not know ,0,0,0,0,0,0,1,0,1
907, donot know//best guess//donot know ,0,0,0,0,0,0,1,0,1
908, donot know//some part of the house of rept ,0,0,0,0,0,1,1,0,0
911, donot know//best guess/ none ,0,0,0,0,0,0,1,1,1
912, //I have not heard of him//best quess//no quess// ,0,0,0,0,0,0,1,0,1
913, donot know ,0,0,0,0,0,0,1,0,0
914, don't know//aid to bush ,0,0,0,0,0,1,1,0,0
915, don't know//senator// ,0,0,0,0,0,1,1,0,0
916, //dont know // best quess// donot know ,0,0,0,0,0,0,1,0,1
917, do not know//best guess// do not know at all ,0,0,0,0,0,0,1,0,1
918, //dont' know//FBI director ,0,0,0,0,0,1,1,0,0
919, //I say treasury// ,0,0,0,0,0,1,0,0,0
920, never heard of him ,0,0,0,0,0,0,1,0,0
921, donot know//best guess//donot know ,0,0,0,0,0,0,1,0,1
922, donot know//best quess//congressman ,0,0,0,0,0,1,1,0,1
923, news reporter   ,0,0,0,0,0,1,0,0,0
924, no sure ,0,0,0,0,0,0,1,0,0
925, donot know//best guess//equal opportunity ,0,0,0,0,0,1,1,0,1
926, //no idea about John//best quess//no idea ,0,0,0,0,0,0,1,0,1
927, //I know what he does but I cant recall//best quess//dont' know// ,0,0,0,0,0,0,1,0,1
929, donot know//best guess//do not know ,0,0,0,0,0,0,1,0,1
930, donot know//best guess//donot know ,0,0,0,0,0,0,1,0,1
931, //don't know//best quess// someone who is in congress ,0,0,0,0,0,1,1,0,1
932, donot know//donotknow ,0,0,0,0,0,0,1,0,0
934, <RF> ,0,0,0,0,0,0,0,1,0
935, <RF> ,0,0,0,0,0,0,0,1,0
936, press secretary ,0,0,0,0,0,1,0,0,0
937, <RF> ,0,0,0,0,0,0,0,1,0
939, cheif justice of the supreme courts ,1,0,0,0,0,0,0,0,0
940, <RF> ,0,0,0,0,0,0,0,1,0
941, <RF> ,0,0,0,0,0,0,0,1,0
943, dont no him ,0,0,0,0,0,0,1,0,0
944, dont no ,0,0,0,0,0,0,1,0,0
945, <RF> ,0,0,0,0,0,0,0,1,0
946, <RF> ,0,0,0,0,0,0,0,1,0
947, dont no him ,0,0,0,0,0,0,1,0,0
948, <RF> ,0,0,0,0,0,0,0,1,0
949, <RF> ,0,0,0,0,0,0,0,1,0
950, <RF> ,0,0,0,0,0,0,0,1,0
951, cbs news ,0,0,0,0,0,1,0,0,0
952, <RF> ,0,0,0,0,0,0,0,1,0
953, <RF> ,0,0,0,0,0,0,0,1,0
954, <RF> ,0,0,0,0,0,0,0,1,0
955, <RF> ,0,0,0,0,0,0,0,1,0
956, <RF> ,0,0,0,0,0,0,0,1,0
957, <RF> ,0,0,0,0,0,0,0,1,0
958, <RF> ,0,0,0,0,0,0,0,1,0
959, <RF> ,0,0,0,0,0,0,0,1,0
960, <RF> ,0,0,0,0,0,0,0,1,0
961, supreme court judge/n ,0,0,0,1,0,0,0,0,0
962, head of supreme court ,0,0,1,0,0,0,0,0,0
963, don't want to guess ,0,0,0,0,0,0,0,1,0
964, don't know who he name ,0,0,0,0,0,0,1,0,0
965, don't know if it is state or federal ,0,0,0,0,0,0,1,0,0
966, don't know / ,0,0,0,0,0,0,1,0,0
967, supreme court judge ,0,0,0,1,0,0,0,0,0
968, no idea. /no ,0,0,0,0,0,0,1,1,0
969, chief justice of us supreme cpourt ,1,0,0,0,0,0,0,0,0
972, chief justices ,0,1,0,0,0,0,0,0,0
973, senatofr ,0,0,0,0,0,1,0,0,0
974, <RF> ,0,0,0,0,0,0,0,1,0
975, chief justice  ,0,1,0,0,0,0,0,0,0
976, <RF> ,0,0,0,0,0,0,0,1,0
977, evangelical minister ,0,0,0,0,0,1,0,0,0
978, representative ,0,0,0,0,0,1,0,0,0
979, chief justice of supreme court ,1,0,0,0,0,0,0,0,0
980, senator ,0,0,0,0,0,1,0,0,0
982, REPRESENTATIVE ,0,0,0,0,0,1,0,0,0
983, don't know ,0,0,0,0,0,0,1,0,0
984, supreme court chief justice ,1,0,0,0,0,0,0,0,0
985, supreme court chief justice ,1,0,0,0,0,0,0,0,0
986, supreme court justice ,0,0,0,1,0,0,0,0,0
987, dont know// no// ,0,0,0,0,0,0,1,1,0
988, no//no quess//no ,0,0,0,0,0,0,1,1,0
989, don't know//no// ,0,0,0,0,0,0,1,1,0
990, I cannot recall that name// ,0,0,0,0,0,0,1,0,0
991, i dont know ,0,0,0,0,0,0,1,0,0
992, //dont know// no quess//g ,0,0,0,0,0,0,1,0,0
993, He ran for president ,0,0,0,0,1,0,0,0,0
994, senator ,0,0,0,0,0,1,0,0,0
995, never heard of ,0,0,0,0,0,0,1,0,0
996, dont know ,0,0,0,0,0,0,1,0,0
998, dont know// no// ,0,0,0,0,0,0,1,1,0
999, don't know ,0,0,0,0,0,0,1,0,0
1000, don't know ,0,0,0,0,0,0,1,0,0
1001, don't know ,0,0,0,0,0,0,1,0,0
1002, don't know ,0,0,0,0,0,0,1,0,0
1003, senate ,0,0,0,0,0,1,0,0,0
1005, don't know ,0,0,0,0,0,0,1,0,0
1006, senator ,0,0,0,0,0,1,0,0,0
1008, senate ,0,0,0,0,0,1,0,0,0
1009, congress ,0,0,0,0,0,1,0,0,0
1010, newscater-  for cnn ,0,0,0,0,0,1,0,0,0
1011, don't know ,0,0,0,0,0,0,1,0,0
1012, don't know ,0,0,0,0,0,0,1,0,0
1013, don't know ,0,0,0,0,0,0,1,0,0
1014, don't know ,0,0,0,0,0,0,1,0,0
1015, don't know ,0,0,0,0,0,0,1,0,0
1017, justice of the supreme court ,0,0,0,1,0,0,0,0,0
1018, don't know ,0,0,0,0,0,0,1,0,0
1020, don't know ,0,0,0,0,0,0,1,0,0
1021, press secretary ,0,0,0,0,0,1,0,0,0
1022, supreme court ,0,0,0,1,0,0,0,0,0
1023, respondent says she can't even guess ,0,0,0,0,0,0,1,0,0
1025, us senate ,0,0,0,0,0,1,0,0,0
1026, don't know ,0,0,0,0,0,0,1,0,0
1027, senate ,0,0,0,0,0,1,0,0,0
1028, don't know ,0,0,0,0,0,0,1,0,0
1029, govenrment ,0,0,0,0,0,1,0,0,0
1030, congress ,0,0,0,0,0,1,0,0,0
1031, don't know ,0,0,0,0,0,0,1,0,0
1032, white house secretary ,0,0,0,0,0,1,0,0,0
1034, judge ,0,0,0,0,0,1,0,0,0
1035, represenative ,0,0,0,0,0,1,0,0,0
1036, supreme court ,0,0,0,1,0,0,0,0,0
1037, govener ,0,0,0,0,0,1,0,0,0
1038, don't know ,0,0,0,0,0,0,1,0,0
1039, secretary of state ,0,0,0,0,0,1,0,0,0
1040, senator ,0,0,0,0,0,1,0,0,0
1041, don't know ,0,0,0,0,0,0,1,0,0
1043, state rep ,0,0,0,0,0,1,0,0,0
1044, don't know ,0,0,0,0,0,0,1,0,0
1045, don't know ,0,0,0,0,0,0,1,0,0
1046, dont know ,0,0,0,0,0,0,1,0,0
1047, Don't know. // no. ,0,0,0,0,0,0,1,1,0
1048, I don't know. // NO. ,0,0,0,0,0,0,1,1,0
1050, Can't remember. // No. ,0,0,0,0,0,0,1,1,0
1051, I don't know. // no. ,0,0,0,0,0,0,1,1,0
1052, // Don't //NO. ,0,0,0,0,0,0,1,1,0
1053, dont know ,0,0,0,0,0,0,1,0,0
1055, I don't know. // No. ,0,0,0,0,0,0,1,1,0
1056, in the senate. ,0,0,0,0,0,1,0,0,0
1057," Not sure, // Maybe in the courts. ",0,0,0,0,0,1,1,0,0
1058, // I don't know. ,0,0,0,0,0,0,1,0,0
1059, Don't know him. // an embassidor. ,0,0,0,0,0,1,1,0,0
1060, A supreme court judge. ,0,0,0,1,0,0,0,0,0
1061, Don't know. // No. ,0,0,0,0,0,0,1,1,0
1063, I don't know him.// No. ,0,0,0,0,0,0,1,1,0
1064, I don't know. // No. ,0,0,0,0,0,0,1,1,0
1067, A senator. ,0,0,0,0,0,1,0,0,0
1068," With the government some where, but not sure. // No. ",0,0,0,0,0,1,1,1,0
1069, Chief justice of supreme court. ,1,0,0,0,0,0,0,0,0
1070, I don't know. // No. ,0,0,0,0,0,0,1,1,0
1071, Don't know. // no. ,0,0,0,0,0,0,1,1,0
1072, I don't know who he is. // No. ,0,0,0,0,0,0,1,1,0
1073, Don't know him either.// No. ,0,0,0,0,0,0,1,1,0
1074, Don't know him. // no. ,0,0,0,0,0,0,1,1,0
1075, no idea ,0,0,0,0,0,0,1,0,0
1076, on supreme court ,0,0,0,1,0,0,0,0,0
1077, house of rep. ,0,0,0,0,0,1,0,0,0
1078, DONT KNOW ,0,0,0,0,0,0,1,0,0
1079, senate ,0,0,0,0,0,1,0,0,0
1080, dont know ,0,0,0,0,0,0,1,0,0
1081, congress ,0,0,0,0,0,1,0,0,0
1082, senator ,0,0,0,0,0,1,0,0,0
1084, dont know ,0,0,0,0,0,0,1,0,0
1085, dont know ,0,0,0,0,0,0,1,0,0
1086, treasur dept. ,0,0,0,0,0,1,0,0,0
1087, repres. ,0,0,0,0,0,1,0,0,0
1088, i dont know any namesw to give a guess ,0,0,0,0,0,0,1,0,0
1089, dont know cant palce him ,0,0,0,0,0,0,1,0,0
1090, CONGRESSMAN ,0,0,0,0,0,1,0,0,0
1091, congressman ,0,0,0,0,0,1,0,0,0
1092, DONT KNOW ,0,0,0,0,0,0,1,0,0
1093, congress ,0,0,0,0,0,1,0,0,0
1094, do not know ,0,0,0,0,0,0,1,0,0
1095, don't know ,0,0,0,0,0,0,1,0,0
1096, don't know ,0,0,0,0,0,0,1,0,0
1097, Chief Justice of the U.S. Supreme Court ,1,0,0,0,0,0,0,0,0
1098, Chief Justice of the Supreme Court  ,1,0,0,0,0,0,0,0,0
1100, I have no idea // Congress ,0,0,0,0,0,1,1,0,0
1101, Supreme Court Justice // he's the head justice ,0,0,1,1,0,0,0,0,0
1102, no clue // the head of NATO  ,0,0,0,0,0,1,1,0,0
1103, Senate ,0,0,0,0,0,1,0,0,0
1104, Congressman ,0,0,0,0,0,1,0,0,0
1105, senator ,0,0,0,0,0,1,0,0,0
1106, is he on the Supreme Court?// Justice Roberts ,0,0,0,1,0,1,0,0,0
1107, brother to Oral Roberts // I just don't know; 2nd in line to the Oral Roberts throne ,0,0,0,0,0,1,1,0,0
1108, I don't know// don't know ,0,0,0,0,0,0,1,0,0
1109, don't know//  I have no idea ,0,0,0,0,0,0,1,0,0
1110, he's in the Supreme Court// he's one of the justices of the Supreme Court ,0,0,0,1,0,0,0,0,0
1111, Press Secretary ,0,0,0,0,0,1,0,0,0
1112, Chief Justice of the Supreme Court ,1,0,0,0,0,0,0,0,0
1113, don't know// he's connected with the Republican Party with Bush// on the White House staff?  advisor or some such thing? ,0,0,0,0,0,1,1,0,0
1114, Supreme Court Justice ,0,0,0,1,0,0,0,0,0
1115, I don't know -- couldn't even tell you ,0,0,0,0,0,0,1,0,0
1116," i'm bad at this stuff. i don't know that one either, a congressman. ",0,0,0,0,0,1,1,0,1
1117, on the Supreme Court -- Supreme Court justice ,0,0,0,1,0,0,0,0,0
1118, // I don't know // ,0,0,0,0,0,0,1,0,0
1119, i don't know//don't have one ,0,0,0,0,0,0,1,0,0
1120, Supreme Court Justice ,0,0,0,1,0,0,0,0,0
1121, he's on the Supreme Court ,0,0,0,1,0,0,0,0,0
1122, dont know ,0,0,0,0,0,0,1,0,0
1123, senator ,0,0,0,0,0,1,0,0,0
1124, does not know// can't place him ,0,0,0,0,0,0,1,0,0
1126, congressman ,0,0,0,0,0,1,0,0,0
1127, senator ,0,0,0,0,0,1,0,0,0
1128, state rep ,0,0,0,0,0,1,0,0,0
1129, don't him ,0,0,0,0,0,0,1,0,0
1130, secretary of treasury ,0,0,0,0,0,1,0,0,0
1131, i'm really not up to remembering all those names ,0,0,0,0,0,0,0,0,1
1132, supreme court justice ,0,0,0,1,0,0,0,0,0
1133, incoming national security something former marine ,0,0,0,0,0,1,0,0,0
1134, never heard of him ,0,0,0,0,0,0,1,0,0
1135, senator ,0,0,0,0,0,1,0,0,0
1136, governor ,0,0,0,0,0,1,0,0,0
1137, senator or something never heard of him ,0,0,0,0,0,1,1,0,0
1138,  dont no ,0,0,0,0,0,0,1,0,0
1139, senator ,0,0,0,0,0,1,0,0,0
1140, dont no ,0,0,0,0,0,0,1,0,0
1141, dont know ,0,0,0,0,0,0,1,0,0
1142, //Senator ,0,0,0,0,0,1,0,0,0
1143, <RF> ,0,0,0,0,0,0,0,1,0
1144, not sure about him. ,0,0,0,0,0,0,1,0,0
1146, foreign affairs ,0,0,0,0,0,1,0,0,0
1147, <RF> ,0,0,0,0,0,0,0,1,0
1148, dont know ,0,0,0,0,0,0,1,0,0
1149, Representative ,0,0,0,0,0,1,0,0,0
1150, Treasure ,0,0,0,0,0,1,0,0,0
1151, dont know ,0,0,0,0,0,0,1,0,0
1152, president ,0,0,0,0,0,1,0,0,0
1153, Senator ,0,0,0,0,0,1,0,0,0
1154, I dont know//I couldn't tell you--I wouldn't want to guess at it ,0,0,0,0,0,0,1,1,0
1155, //Member of Congress ,0,0,0,0,0,1,0,0,0
1156, //I have never heard of the man ,0,0,0,0,0,0,1,0,0
1157, //house of senate ,0,0,0,0,0,1,0,0,0
1158, know name but dont know his job ,0,0,0,0,0,0,1,0,1
1159, dont know  ,0,0,0,0,0,0,1,0,0
1160, senate ,0,0,0,0,0,1,0,0,0
1161, dont know ,0,0,0,0,0,0,1,0,0
1162, dont know ,0,0,0,0,0,0,1,0,0
1163, dont know ,0,0,0,0,0,0,1,0,0
1164, heard of him bbut dont know ,0,0,0,0,0,0,1,0,1
1165, dont know  1 ,0,0,0,0,0,0,1,0,0
1166, dont know ,0,0,0,0,0,0,1,0,0
1167, us supreme ct ,0,0,0,1,0,0,0,0,0
1168, supreme ct ,0,0,0,1,0,0,0,0,0
1169, dont know ,0,0,0,0,0,0,1,0,0
1170, dont know ,0,0,0,0,0,0,1,0,0
1171, dont know ,0,0,0,0,0,0,1,0,0
1172, //In the house of Representatives ,0,0,0,0,0,1,0,0,0
1173, dont know ,0,0,0,0,0,0,1,0,0
1174, supreme ct ,0,0,0,1,0,0,0,0,0
1176, dont know him ,0,0,0,0,0,0,1,0,0
1177, dont remember ,0,0,0,0,0,0,1,0,0
1178, dont know ,0,0,0,0,0,0,1,0,0
1179, dont know ,0,0,0,0,0,0,1,0,0
1180, dont know  ,0,0,0,0,0,0,1,0,0
1181, dont know` ,0,0,0,0,0,0,1,0,0
1182, goovenor ,0,0,0,0,0,1,0,0,0
1183, represenative ,0,0,0,0,0,1,0,0,0
1184, supreme ct ,0,0,0,1,0,0,0,0,0
1185," no guess at all, don't recognize name ",0,0,0,0,0,0,1,0,0
1186, don't know even if he's a politician ,0,0,0,0,0,0,1,0,0
1187, senate ,0,0,0,0,0,1,0,0,0
1189, treasurer ,0,0,0,0,0,1,0,0,0
1190," don't know, not sure ",0,0,0,0,0,0,1,0,0
1191, supreme court justice ,0,0,0,1,0,0,0,0,0
1192, no clue ,0,0,0,0,0,0,1,0,0
1193, tv guy ,0,0,0,0,0,1,0,0,0
1194, maybe a senator ,0,0,0,0,0,1,0,0,0
1195, can't guess ,0,0,0,0,0,0,1,0,0
1196, no clue ,0,0,0,0,0,0,1,0,0
1197, don't recognize the name ,0,0,0,0,0,0,1,0,0
1198, dk/nothing ,0,0,0,0,0,0,1,1,0
1199, judge ,0,0,0,0,0,1,0,0,0
1200, democrat ,0,0,0,0,0,1,0,0,0
1201, dk/representative ,0,0,0,0,0,1,1,0,0
1202, republican ,0,0,0,0,0,1,0,0,0
1204, dk/dk ,0,0,0,0,0,0,1,0,0
1205, cheif justice ,0,1,0,0,0,0,0,0,0
1206, supreme court ,0,0,0,1,0,0,0,0,0
1207, supreme court judge ,0,0,0,1,0,0,0,0,0
1208, dk/dk/no ,0,0,0,0,0,0,1,1,0
1209, dk/sheriff's dept ,0,0,0,0,0,1,1,0,0
1210, dk/dk/no ,0,0,0,0,0,0,1,1,0
1211, supreme judge ,0,0,0,1,0,0,0,0,0
1212, dk/dk ,0,0,0,0,0,0,1,0,0
1213, dk/dk/no ,0,0,0,0,0,0,1,1,0
1216, dk/dk ,0,0,0,0,0,0,1,0,0
1217, dk/dk/no ,0,0,0,0,0,0,1,1,0
1218, dk/dk/no ,0,0,0,0,0,0,1,1,0
1219, dk/seat in congress ,0,0,0,0,0,1,1,0,0
1220, dk/senator ,0,0,0,0,0,1,1,0,0
1221, dk/dk/no ,0,0,0,0,0,0,1,1,0
1222, dk/dk ,0,0,0,0,0,0,1,0,0
1223, mayor ,0,0,0,0,0,1,0,0,0
1224, dk/dk ,0,0,0,0,0,0,1,0,0
1225, dk/really dk/no ,0,0,0,0,0,0,1,1,0
1226, member of congress//no ,0,0,0,0,0,1,0,1,0
1227, republican ,0,0,0,0,0,1,0,0,0
1228, i don't know//no ,0,0,0,0,0,0,1,1,0
1230, congressman//no ,0,0,0,0,0,1,0,1,0
1231, don't know//don't want to answer//no ,0,0,0,0,0,0,1,1,0
1232, have no guess ,0,0,0,0,0,0,1,0,0
1233, speaker of the house. ,0,0,0,0,0,1,0,0,0
1234, supreme court/no ,0,0,0,1,0,0,0,1,0
1236, congress//no ,0,0,0,0,0,1,0,1,0
1237, secretary of state ,0,0,0,0,0,1,0,0,0
1238, mayor maridian of alamba ,0,0,0,0,0,1,0,0,0
1239, has no idea ,0,0,0,0,0,0,1,0,0
1240, chief justice of us supreme court ,1,0,0,0,0,0,0,0,0
1242, supreme court judge have no idea ,0,0,0,1,0,0,1,0,0
1243, the chief justice of the us supreme court ,1,0,0,0,0,0,0,0,0
1244, chief justice of supreme court ,1,0,0,0,0,0,0,0,0
1245, no guess ,0,0,0,0,0,0,1,0,0
1246, supreme court justice ,0,0,0,1,0,0,0,0,0
1247, have no guess ,0,0,0,0,0,0,1,0,0
1248, do not konw who that is ,0,0,0,0,0,0,1,0,0
1249, dk/no ,0,0,0,0,0,0,1,1,0
1251, a senator maybe ,0,0,0,0,0,1,0,0,0
1252," //i have no idea;seriously, i couldn't even guess//no ",0,0,0,0,0,0,1,1,1
1253, maybe he's homeland security//i think that's what he is//i don't keep track of that that much//no ,0,0,0,0,0,1,0,1,1
1254, //i've never heard that name either//i have no idea//no ,0,0,0,0,0,0,1,1,0
1255," //he's a congressman ,a senator, a democrat//not sure ",0,0,0,0,0,1,1,0,0
1256, //i do not know//no ,0,0,0,0,0,0,1,1,0
1257, //i don't that either//no ,0,0,0,0,0,0,1,1,0
1258, //i don't know-i don't even have a guess//no ,0,0,0,0,0,0,1,1,0
1259, //i don't have any idea//no ,0,0,0,0,0,0,1,1,0
1260, //he's on the supreme court//no ,0,0,0,1,0,0,0,1,0
1261, //he's on the supreme court ,0,0,0,1,0,0,0,0,0
1262, //supreme court//not sure though//no ,0,0,0,1,0,0,1,1,0
1263, //don't know//no clue//no ,0,0,0,0,0,0,1,1,0
1264, governor of state not known ,0,0,0,0,0,1,1,0,0
1265, //i don't know//is he home land secuity-is he?//no ,0,0,0,0,0,1,1,1,0
1266, no guess ,0,0,0,0,0,0,1,0,0
1267, no clue as to who he is ,0,0,0,0,0,0,1,0,0
1268, cabinet member ,0,0,0,0,0,1,0,0,0
1269, he is chief justice of the supreme court ,1,0,0,0,0,0,0,0,0
1271, dont have a guess  ,0,0,0,0,0,0,1,0,0
1272, supreme court ,0,0,0,1,0,0,0,0,0
1273, //i don't know that either//no guess at all//no ,0,0,0,0,0,0,1,1,0
1274, secretary  ,0,0,0,0,0,1,0,0,0
1275, senate ,0,0,0,0,0,1,0,0,0
1276, supreme court justice ,0,0,0,1,0,0,0,0,0
1277, supreme court ,0,0,0,1,0,0,0,0,0
1279, //i don't know//no ,0,0,0,0,0,0,1,1,0
1280, supreme court ,0,0,0,1,0,0,0,0,0
1281, senator ,0,0,0,0,0,1,0,0,0
1282, governor ,0,0,0,0,0,1,0,0,0
1283, dont have an answer ,0,0,0,0,0,0,1,0,0
1284, assistant attorney general ,0,0,0,0,0,1,0,0,0
1285, chief justice of supreme court ,1,0,0,0,0,0,0,0,0
1286, supreme court judge ,0,0,0,1,0,0,0,0,0
1287, dont have an answer ,0,0,0,0,0,0,1,0,0
1288, //supremem court justice//no ,0,0,0,1,0,0,0,1,0
1289, don't know ,0,0,0,0,0,0,1,0,0
1290, don't know ,0,0,0,0,0,0,1,0,0
1291, supreme court ,0,0,0,1,0,0,0,0,0
1292, no idea// ,0,0,0,0,0,0,1,0,0
1293, i have no idea ,0,0,0,0,0,0,1,0,0
1294, don't know john roberts ,0,0,0,0,0,0,1,0,0
1295, don't know ,0,0,0,0,0,0,1,0,0
1296, don't know ,0,0,0,0,0,0,1,0,0
1297, I don't know//no ,0,0,0,0,0,0,1,1,0
1298, I have no idea//no ,0,0,0,0,0,0,1,1,0
1299, I have no idea ,0,0,0,0,0,0,1,0,0
1300, don't know ,0,0,0,0,0,0,1,0,0
1301, I don't know//no ,0,0,0,0,0,0,1,1,0
1302, I heard his name but I am not sure what he does//no ,0,0,0,0,0,0,1,1,1
1303, he is in the supreme court ,0,0,0,1,0,0,0,0,0
1305, supreme court judge//he is a chief justice//no ,1,0,0,1,0,0,0,1,0
1306, oral roberts son ,0,0,0,0,0,1,0,0,0
1307, newsreporter ,0,0,0,0,0,1,0,0,0
1308, governor ,0,0,0,0,0,1,0,0,0
1309, congressman ,0,0,0,0,0,1,0,0,0
1310, senator ,0,0,0,0,0,1,0,0,0
1311, chief of staff ,0,0,0,0,0,1,0,0,0
1312," ""dont know""// ",0,0,0,0,0,0,1,0,0
1313," ""supreme court""// ",0,0,0,1,0,0,0,0,0
1314," ""cant remember//"" ",0,0,0,0,0,0,1,0,0
1315," ""dont kn ow no idea""// ",0,0,0,0,0,0,1,0,0
1316," ""dont know no idea""// ",0,0,0,0,0,0,1,0,0
1318, GOVERNER ,0,0,0,0,0,1,0,0,0
1319," ""dont know""// ",0,0,0,0,0,0,1,0,0
1320, CONGRESS ,0,0,0,0,0,1,0,0,0
1321," ""dont know""// ",0,0,0,0,0,0,1,0,0
1323," ""dont know""// ",0,0,0,0,0,0,1,0,0
1324," ""dont know""// ",0,0,0,0,0,0,1,0,0
1325," ""dont know""// ",0,0,0,0,0,0,1,0,0
1326," ""dont know""// ",0,0,0,0,0,0,1,0,0
1327," ""dont know""// ",0,0,0,0,0,0,1,0,0
1328," ""dont know""// ",0,0,0,0,0,0,1,0,0
1329, I DON'T KNOW//I DON'T KNOW//STOP ,0,0,0,0,0,0,1,1,0
1330, SECRETARY OF DEFENSE//STOP ,0,0,0,0,0,1,0,1,0
1331," ""dont know""// ",0,0,0,0,0,0,1,0,0
1332, I DON'T KNOW//DON'T KNOW//STOP ,0,0,0,0,0,0,1,1,0
1334," ""dont know""// ",0,0,0,0,0,0,1,0,0
1335," ""dont know never heard of him""// ",0,0,0,0,0,0,1,0,0
1336," ""congressman""// ",0,0,0,0,0,1,0,0,0
1337," ""dont know, not familiar""// ",0,0,0,0,0,0,1,0,0
1338," ""don't know//haven't heard the name//"" ",0,0,0,0,0,0,1,0,0
1339," don't known//don't know//"" ",0,0,0,0,0,0,1,0,0
1341," ""don't know//don't know//chief justice of the supreme court//"" ",1,0,0,0,0,0,1,0,0
1342, DON'T KNOW//I DON'T KNOW//STOP ,0,0,0,0,0,0,1,1,0
1343," ""don't know//no//"" ",0,0,0,0,0,0,1,1,0
1344," ""don't know//don't know//chief justice of supreme court//"" ",1,0,0,0,0,0,1,0,0
1345," ""don't know//don't know//"" ",0,0,0,0,0,0,1,0,0
1346, TOTAL BLANK//TELE EVANGELIST//STOP ,0,0,0,0,0,1,1,1,0
1347," ""don't know//heard the name, can't place//"" ",0,0,0,0,0,0,1,0,1
1348," ""don't know//chief justice of supreme court//"" ",1,0,0,0,0,0,1,0,0
1349," ""don't know//"" ",0,0,0,0,0,0,1,0,0
1350," ""don't know//don't know// none//"" ",0,0,0,0,0,0,1,1,0
1352, DON'T KNOW//DON'T KNOW NOTHING ABOUT THAT//STOP ,0,0,0,0,0,0,1,1,0
1353," ""don't knoe//"" ",0,0,0,0,0,0,1,0,0
1354, REPUBLICAN ,0,0,0,0,0,1,0,0,0
1355, I DON'T KNOW//I DON'T KNOW//STOP ,0,0,0,0,0,0,1,1,0
1356," ""don't know//chief justice of supreme court//' ",1,0,0,0,0,0,1,0,0
1357," ""i've heard the name//don't know//chief justice of supreme court//"" ",1,0,0,0,0,0,1,0,1
1358," ""don't know//don't know//"" ",0,0,0,0,0,0,1,0,0
1359," ""don't know//don't recognize name//chief justice of supreme court//"" ",1,0,0,0,0,0,1,0,0
1360," ""don't know//chief justice of supreme court//"" ",1,0,0,0,0,0,1,0,0
1361," ""don't know//"" ",0,0,0,0,0,0,1,0,0
1362," ""don't know//don't know//don't know//"" ",0,0,0,0,0,0,1,0,0
1363, I DON'T KNOW//CONGRESS//STOP ,0,0,0,0,0,1,1,1,0
1364," ""don't know//chief justice of the Supreme Court//"" ",1,0,0,0,0,0,1,0,0
1365," ""dont know""// ",0,0,0,0,0,0,1,0,0
1366," ""don't know//don't pay attention to any government//"" ",0,0,0,0,0,0,1,0,1
1367," ""dont know him""// ",0,0,0,0,0,0,1,0,0
1368," ""senator""'// ",0,0,0,0,0,1,0,0,0
1370," ""don't know//never heard the name//' ",0,0,0,0,0,0,1,0,0
1372, DON'T KNOW WHO HE IS//STOP  ,0,0,0,0,0,0,1,1,0
1373, PASS//ADVISOR TO THE PRESIDENT ,0,0,0,0,0,1,0,1,0
1374," ""no idea""// ",0,0,0,0,0,0,1,0,0
1375," ""don't know//supreme court//"" ",0,0,0,1,0,0,1,0,0
1377, governor ,0,0,0,0,0,1,0,0,0
1378, house chair ,0,0,0,0,0,1,0,0,0
1379, senator ,0,0,0,0,0,1,0,0,0
1380, <RF> ,0,0,0,0,0,0,0,1,0
1381, senator ,0,0,0,0,0,1,0,0,0
1382, senator ,0,0,0,0,0,1,0,0,0
1383, congress ,0,0,0,0,0,1,0,0,0
1384, mayor ,0,0,0,0,0,1,0,0,0
1385, congressman ,0,0,0,0,0,1,0,0,0
1386, senator ,0,0,0,0,0,1,0,0,0
1387, republican ,0,0,0,0,0,1,0,0,0
1388, chief justice of the supreme court ,1,0,0,0,0,0,0,0,0
1389, secretary of the treasury ,0,0,0,0,0,1,0,0,0
1390, congressman ,0,0,0,0,0,1,0,0,0
1391, supreme court justice ,0,0,0,1,0,0,0,0,0
1392, <RF> ,0,0,0,0,0,0,0,1,0
1393, don't know//prime minister of Canada ,0,0,0,0,0,1,1,0,0
1395, congress ,0,0,0,0,0,1,0,0,0
1396, secretary of state ,0,0,0,0,0,1,0,0,0
1398, head of the supreme court ,0,0,1,0,0,0,0,0,0
1399, chief justice of the supreme court ,1,0,0,0,0,0,0,0,0
1400, ex military ,0,0,0,0,0,1,0,0,0
1401, don't know// I couldn't tell you ,0,0,0,0,0,0,1,0,0
1402, senator ,0,0,0,0,0,1,0,0,0
1403, no good ,0,0,0,0,0,1,0,0,0
1405, chief justice of the us supreme court ,1,0,0,0,0,0,0,0,0
1406, secretary of the interior ,0,0,0,0,0,1,0,0,0
1407, Congressman ,0,0,0,0,0,1,0,0,0
1408, chief justice ,0,1,0,0,0,0,0,0,0
1409, i have no idea//senate//no ,0,0,0,0,0,1,1,1,0
1411, state goverment ,0,0,0,0,0,1,0,0,0
1412," I DON'T KNOW, // HE THE FINANCIALL DUDE , THAT WOULD BE MY GUESS, I DON/'T KNOW ",0,0,0,0,0,1,1,0,1
1414, cjief justice of the supreme court ,1,0,0,0,0,0,0,0,0
1415, THE CABINET ,0,0,0,0,0,1,0,0,0
1416, supreme court ,0,0,0,1,0,0,0,0,0
1417," oh lord, // i don't know / i have to see the face, i don't know ",0,0,0,0,0,0,1,0,1
1419," don't know , never heard of him ",0,0,0,0,0,0,1,0,0
1420, I DON'T KNOW // I DON'T KNOW ,0,0,0,0,0,0,1,0,0
1421, he is one of the supreame court guys ,0,0,0,1,0,0,0,0,0
1423, don't know him ,0,0,0,0,0,0,1,0,0
1424," // I just never heard that name before, he was probably in the house of representataives maybe ",0,0,0,0,0,1,1,0,1
1425, I don't recognize the name ,0,0,0,0,0,0,1,0,0
1426, Yo he oido de el pero no te se decir cual es el cargo de el.   ,0,0,0,0,0,0,1,0,1
1427, If he has a political job IT MUST NOT BE IMPORTANT BECAUSE I HAVE NOT HEARD OF HIM ,0,0,0,0,0,1,1,0,0
1428," no lo reconosco, no se quien es ",0,0,0,0,0,0,1,0,0
1429, don't know ,0,0,0,0,0,0,1,0,0
1430, supreme court judge ,0,0,0,1,0,0,0,0,0
1431, don't know ,0,0,0,0,0,0,1,0,0
1432, no clue ,0,0,0,0,0,0,1,0,0
1433, senator ,0,0,0,0,0,1,0,0,0
1434, senate ,0,0,0,0,0,1,0,0,0
1435, don't know ,0,0,0,0,0,0,1,0,0
1436, don't know at all ,0,0,0,0,0,0,1,0,0
1437, don't know ,0,0,0,0,0,0,1,0,0
1438, i don't know him ,0,0,0,0,0,0,1,0,0
1439," don""t know ",0,0,0,0,0,0,1,0,0
1440," don""t know them by name ",0,0,0,0,0,0,1,0,0
1441, don't know ,0,0,0,0,0,0,1,0,0
1442, don'y know ,0,0,0,0,0,0,1,0,0
1444, chief justice of supreme court ,1,0,0,0,0,0,0,0,0
1445, don't know ,0,0,0,0,0,0,1,0,0
1446, secretary of defence ,0,0,0,0,0,1,0,0,0
1447, cooradoor ,0,0,0,0,0,1,0,0,0
1448, chief judge of the supreme court ,1,0,0,0,0,0,0,0,0
1451, don't know ,0,0,0,0,0,0,1,0,0
1452, supreme court judge ,0,0,0,1,0,0,0,0,0
1454, chief Justice of Supreme Court ,1,0,0,0,0,0,0,0,0
1455, chief justice  ,0,1,0,0,0,0,0,0,0
1456, chief justice ,0,1,0,0,0,0,0,0,0
1457, don't know ,0,0,0,0,0,0,1,0,0
1458, I don't no who he is ,0,0,0,0,0,0,1,0,0
1459, supreme court justice ,0,0,0,1,0,0,0,0,0
1460, senetor ,0,0,0,0,0,1,0,0,0
1461, //senator ,0,0,0,0,0,1,0,0,0
1462, dont follow these people have no ideal ,0,0,0,0,0,0,1,0,1
1463, I don't know ,0,0,0,0,0,0,1,0,0
1464, governor ,0,0,0,0,0,1,0,0,0
1465, I don't know him ,0,0,0,0,0,0,1,0,0
1466, sentor ,0,0,0,0,0,1,0,0,0
1467, assembly ,0,0,0,0,0,1,0,0,0
1468, never heard of  ,0,0,0,0,0,0,1,0,0
1469, //i really don't actually know no guess ,0,0,0,0,0,0,1,0,0
1470, //i have no idea. ,0,0,0,0,0,0,1,0,0
1471, press secretary ,0,0,0,0,0,1,0,0,0
1472, //representative ,0,0,0,0,0,1,0,0,0
1473, //congress ,0,0,0,0,0,1,0,0,0
1474, //no guess none of these names soud familiar to me ,0,0,0,0,0,0,1,0,0
1475, //congressman ,0,0,0,0,0,1,0,0,0
1476, //house of representatives ,0,0,0,0,0,1,0,0,0
1477, //i don't have a guess ,0,0,0,0,0,0,1,0,0
1478, //congress ,0,0,0,0,0,1,0,0,0
1479, supreme court justice ,0,0,0,1,0,0,0,0,0
1480, //I just don't know ,0,0,0,0,0,0,1,0,0
1481, //elected positions govener? ,0,0,0,0,0,1,0,0,0
1482, //treasury ,0,0,0,0,0,1,0,0,0
1483, congress ,0,0,0,0,0,1,0,0,0
1484, //no guess I have no idea ,0,0,0,0,0,0,1,0,0
1485, //no guess  ,0,0,0,0,0,0,1,0,0
1486, ny state congressman ,0,0,0,0,0,1,0,0,0
1487, //no guess ,0,0,0,0,0,0,1,0,0
1490, don't know//no guess//no ,0,0,0,0,0,0,1,1,0
1491, chief justice supreme court ,1,0,0,0,0,0,0,0,0
1492, press secretary ,0,0,0,0,0,1,0,0,0
1493, speaker of the house ,0,0,0,0,0,1,0,0,0
1496, not sure//don't know//no ,0,0,0,0,0,0,1,1,0
1497, don't know//never heard of him//not a clue ,0,0,0,0,0,0,1,0,0
1498, never heard of him//no guess//no ,0,0,0,0,0,0,1,1,0
1499, a senator ,0,0,0,0,0,1,0,0,0
1500, not familiar//press secretary ,0,0,0,0,0,1,1,0,0
1501, no idea//i don't know//no ,0,0,0,0,0,0,1,1,0
1502, i don't know who he is//is he a senator? I'm just guessing now//no ,0,0,0,0,0,1,1,1,1
1503, clueless//no best guess//never heard his name before//no ,0,0,0,0,0,0,1,1,0
1504, senator ,0,0,0,0,0,1,0,0,0
1505, don't know//i don't know//no ,0,0,0,0,0,0,1,1,0
1506, not sure//i don't remember the name//no ,0,0,0,0,0,0,1,1,0
1507, ain't he district?//i forgot girl//no ,0,0,0,0,0,1,1,1,0
1508, don't know//no guess//no ,0,0,0,0,0,0,1,1,0
1509, no clue//no guess//no ,0,0,0,0,0,0,1,1,0
1510, no idea//congressman//no ,0,0,0,0,0,1,1,1,0
1511, u.s. senator ,0,0,0,0,0,1,0,0,0
1512," "" I really do not remmember// I am not very good with this..""//No."" ",0,0,0,0,0,0,1,1,1
1513, i do not know// ,0,0,0,0,0,0,1,0,0
1514," ""I do not know//I  do not know// No"" ",0,0,0,0,0,0,1,1,0
1515, don't know//congressman ,0,0,0,0,0,1,1,0,0
1517, senator ,0,0,0,0,0,1,0,0,0
1518, health ,0,0,0,0,0,1,0,0,0
1519, no idea//dont know//no ,0,0,0,0,0,0,1,1,0
1520, senate ,0,0,0,0,0,1,0,0,0
1521, politician ,0,0,0,0,0,1,0,0,0
1522, supreme court ,0,0,0,1,0,0,0,0,0
1523, secretary of defense ,0,0,0,0,0,1,0,0,0
1524, i don't know//i have no guess//no ,0,0,0,0,0,0,1,1,0
1525," who's he? name sounds familiar//no, not a clue//no ",0,0,0,0,0,0,1,1,1
1526, i'm just gonna say assemblyman//no ,0,0,0,0,0,1,0,1,1
1527, i don't know//no guess//no ,0,0,0,0,0,0,1,1,0
1528," don""t know ",0,0,0,0,0,0,1,0,0
1529, don't know ,0,0,0,0,0,0,1,0,0
1531, never heard of these people//congressman?//no ,0,0,0,0,0,1,1,1,0
1532, doesn't know//no ,0,0,0,0,0,0,1,1,0
1533, chief justice ,0,1,0,0,0,0,0,0,0
1534, no//no ,0,0,0,0,0,0,0,1,0
1535, supreme court judge ,0,0,0,1,0,0,0,0,0
1536, not heard of him//nope ,0,0,0,0,0,0,1,1,0
1537, don't know//no ,0,0,0,0,0,0,1,1,0
1538, no//no ,0,0,0,0,0,0,0,1,0
1539, dk//no ,0,0,0,0,0,0,1,1,0
1540, doesn't know//no ,0,0,0,0,0,0,1,1,0
1541, not sure//know the names ,0,0,0,0,0,0,1,0,1
1542, doesn't know//no ,0,0,0,0,0,0,1,1,0
1544, isn't he a Supreme Court Justice//no ,0,0,0,1,0,0,0,1,0
1545, doesn't know//doesn't know//no ,0,0,0,0,0,0,1,1,0
1546, congressman? ,0,0,0,0,0,1,0,0,0
1547, doesn't know//no guess ,0,0,0,0,0,0,1,0,0
1548, not sure//no ,0,0,0,0,0,0,1,1,0
1550, dk//nope ,0,0,0,0,0,0,1,1,0
1551, no//no ,0,0,0,0,0,0,0,1,0
1552, no//no ,0,0,0,0,0,0,0,1,0
1553, who would know that such a common name//no guess//no ,0,0,0,0,0,0,1,1,1
1554, supreme court justice ,0,0,0,1,0,0,0,0,0
1555, Is he in the House of Representatives?//no ,0,0,0,0,0,1,0,1,0
1556, head of the Supreme Court ,0,0,1,0,0,0,0,0,0
1557," sounds like he's someone in Bush's cabinet, but really doesn't know//no ",0,0,0,0,0,1,1,1,0
1558, doesn't know//doesn't know//no ,0,0,0,0,0,0,1,1,0
1559, doesn't know//no ,0,0,0,0,0,0,1,1,0
1560, doesn't kknow//no ,0,0,0,0,0,0,1,1,0
1561, no clue//no ,0,0,0,0,0,0,1,1,0
1562, no clue ,0,0,0,0,0,0,1,0,0
1563, no//no ,0,0,0,0,0,0,0,1,0
1564, no idea//no ,0,0,0,0,0,0,1,1,0
1565, doesn't know//no guess ,0,0,0,0,0,0,1,0,0
1567, A Democrat?//a Senator?//no ,0,0,0,0,0,1,0,1,0
1568, has no idea//no idea//no ,0,0,0,0,0,0,1,1,0
1569, doesn't know//no clue//no ,0,0,0,0,0,0,1,1,0
1570, doesn't know//no ,0,0,0,0,0,0,1,1,0
1572, doesn't know//no ,0,0,0,0,0,0,1,1,0
1573, Don't know//doesn't ave a clue//no ,0,0,0,0,0,0,1,1,0
1574, doesn't know//has no clue//no ,0,0,0,0,0,0,1,1,0
1575, Supreme Court Judge ,0,0,0,1,0,0,0,0,0
1576, doesn't know//no best guess//no ,0,0,0,0,0,0,1,1,0
1577," doesn't know//is he in the dept of Defense, having been recently appointed to handle the War in Iraq//no ",0,0,0,0,0,1,1,1,0
1578, doesn't know//no guess//no ,0,0,0,0,0,0,1,1,0
1580, sec of defense ,0,0,0,0,0,1,0,0,0
1581, dont know ,0,0,0,0,0,0,1,0,0
1582, janitor ,0,0,0,0,0,1,0,0,0
1583, sentor ,0,0,0,0,0,1,0,0,0
1584, not sure ,0,0,0,0,0,0,1,0,0
1585, never heard of him ,0,0,0,0,0,0,1,0,0
1586, no guess  ,0,0,0,0,0,0,1,0,0
1587, congressman ,0,0,0,0,0,1,0,0,0
1588, representive ,0,0,0,0,0,1,0,0,0
1589, homeland security ,0,0,0,0,0,1,0,0,0
1590, sentor majority leader ,0,0,0,0,0,1,0,0,0
1591, don't know ,0,0,0,0,0,0,1,0,0
1592, don't know ,0,0,0,0,0,0,1,0,0
1593, cabinet member ,0,0,0,0,0,1,0,0,0
1594, senator ,0,0,0,0,0,1,0,0,0
1595, house of reps ,0,0,0,0,0,1,0,0,0
1596, Senate waterboy ,0,0,0,0,0,1,0,0,0
1597, <RF> ,0,0,0,0,0,0,0,1,0
1598," no idea, don't folloe politics ",0,0,0,0,0,0,1,0,1
1599, secretary ,0,0,0,0,0,1,0,0,0
1600, treasurer ,0,0,0,0,0,1,0,0,0
1601, chair of committee ,0,0,0,0,0,1,0,0,0
1602, congress ,0,0,0,0,0,1,0,0,0
1603, senate ,0,0,0,0,0,1,0,0,0
1604, congressman ,0,0,0,0,0,1,0,0,0
1605, house of reps ,0,0,0,0,0,1,0,0,0
1606, atty general ,0,0,0,0,0,1,0,0,0
1607, <RF> ,0,0,0,0,0,0,0,1,0
1608, <RF> ,0,0,0,0,0,0,0,1,0
1609, <RF> ,0,0,0,0,0,0,0,1,0
1610, justice dept. ,0,0,0,0,0,1,0,0,0
1612, senator ,0,0,0,0,0,1,0,0,0
1613, house member ,0,0,0,0,0,1,0,0,0
1614, doesn't know//congress//no ,0,0,0,0,0,1,1,1,0
1615, i really don't know//lieutenant governer ,0,0,0,0,0,1,1,0,0
1616, pass// your best guess// secretary of defense//NO ,0,0,0,0,0,1,0,1,1
1617, senator ,0,0,0,0,0,1,0,0,0
1618, i don't know// i don't know ,0,0,0,0,0,0,1,0,0
1619, i have no idea ,0,0,0,0,0,0,1,0,0
1620, don't know ,0,0,0,0,0,0,1,0,0
1621, republican ,0,0,0,0,0,1,0,0,0
1622, I DON'T KNOW HIM//SITS ON THE REPUBLICAN SIDE ,0,0,0,0,0,1,1,0,0
1623, i'm lost with these questions//i have no idea ,0,0,0,0,0,0,1,0,1
1624, i don't know ,0,0,0,0,0,0,1,0,0
1625, i don't know him ,0,0,0,0,0,0,1,0,0
1626, he is a republican//no ,0,0,0,0,0,1,0,1,0
1627, i don't know either//i don't know ,0,0,0,0,0,0,1,0,0
1628, i don't know//i can't think right now ,0,0,0,0,0,0,1,0,1
1629, i never heard of him either//i don't know ,0,0,0,0,0,0,1,0,0
1630, i am not sure ,0,0,0,0,0,0,1,0,0
1632, don't know//don't know ,0,0,0,0,0,0,1,0,0
1633, i don't know ,0,0,0,0,0,0,1,0,0
1634, i don't know// best guess//  i don;t know//NO ,0,0,0,0,0,0,1,1,1
1636, i don't have any idea// any guess// i don't know//NO ,0,0,0,0,0,0,1,1,1
1637, dont know ,0,0,0,0,0,0,1,0,0
1638, don't know//don't know ,0,0,0,0,0,0,1,0,0
1639, no best guess//no ,0,0,0,0,0,0,1,1,0
1640, no guess//dont know//no ,0,0,0,0,0,0,1,1,0
1641, have NO idea//but don't know//heard names tho//no ,0,0,0,0,0,0,1,1,1
1642, NO CLUE ,0,0,0,0,0,0,1,0,0
1643, DON'T HAVE CLUE ,0,0,0,0,0,0,1,0,0
1644, don't know ,0,0,0,0,0,0,1,0,0
1645, supreme court justice ,0,0,0,1,0,0,0,0,0
1646, JUDGE OF THE SUPREME COURT//NO ,0,0,0,1,0,0,0,1,0
1647, supreme court justice...chief justice//no ,0,1,0,1,0,0,0,1,0
1648, can/t place//no ,0,0,0,0,0,0,1,1,0
1649, no guess ,0,0,0,0,0,0,1,0,0
1651, don't know//x ,0,0,0,0,0,0,1,0,0
1652, dont know// ,0,0,0,0,0,0,1,0,0
1653, supreme court justice ,0,0,0,1,0,0,0,0,0
1654," don't know, I don't have a clue// ",0,0,0,0,0,0,1,0,0
1655, another senator ,0,0,0,0,0,1,0,0,0
1656, //don't know//i have seen that name ,0,0,0,0,0,0,1,0,1
1657, don';t know who he is//no ,0,0,0,0,0,0,1,1,0
1658, correspondent ,0,0,0,0,0,1,0,0,0
1659, chief justice of the supreme court ,1,0,0,0,0,0,0,0,0
1660, senator or something ,0,0,0,0,0,1,0,0,0
1662, attorney general//it doesn't sound right ,0,0,0,0,0,1,0,0,1
1663, cabinet//don't know ,0,0,0,0,0,1,1,0,0
1664, //senator ,0,0,0,0,0,1,0,0,0
1666, supreme court ,0,0,0,1,0,0,0,0,0
1667," representatives//can't remember much about them, didn't see many names until she got her ballot ",0,0,0,0,0,1,1,0,1
1668," don't know, has no idea, never heard that name ",0,0,0,0,0,0,1,0,0
1669, one of the persons running for house of reps ,0,0,0,0,1,0,0,0,0
1670," don't know, is flat blank on that ",0,0,0,0,0,0,1,0,0
1671, secretary of state ,0,0,0,0,0,1,0,0,0
1672, don't know//I have no idea ,0,0,0,0,0,0,1,0,0
1673," on the supreme court, the CJ ",1,0,0,0,0,0,0,0,0
1674, don't know// ,0,0,0,0,0,0,1,0,0
1675, no idea//no idea head of the treasury ,0,0,0,0,0,1,1,0,0
1676, has no idea ,0,0,0,0,0,0,1,0,0
1677, republican but I don;t know what position ,0,0,0,0,0,1,1,0,0
1678, press secretary ,0,0,0,0,0,1,0,0,0
1679, governor ,0,0,0,0,0,1,0,0,0
1680, senate ,0,0,0,0,0,1,0,0,0
1681, congress ,0,0,0,0,0,1,0,0,0
1682, i don't know//he's in  congress ,0,0,0,0,0,1,1,0,0
1683," governor of utah, i don't know//governor of utah ",0,0,0,0,0,1,1,0,0
1685, state representative ,0,0,0,0,0,1,0,0,0
1686, house of representatives ,0,0,0,0,0,1,0,0,0
1687, i don't know//i don't have one.. ask me hillary clinton! ,0,0,0,0,0,0,1,0,1
1688, i don't know//i couldn't even guess ,0,0,0,0,0,0,1,0,0
1689, homeland security ,0,0,0,0,0,1,0,0,0
1690, //House of representatives// ,0,0,0,0,0,1,0,0,0
1691, supreme court ,0,0,0,1,0,0,0,0,0
1692, supreme court ,0,0,0,1,0,0,0,0,0
1694," i don't know, he sounds like a news guy to me ",0,0,0,0,0,1,1,0,1
1696, //senator// ,0,0,0,0,0,1,0,0,0
1697, supreme court ,0,0,0,1,0,0,0,0,0
1698, //senator// ,0,0,0,0,0,1,0,0,0
1700, i don't know//labor and industry head ,0,0,0,0,0,1,1,0,0
1701, secretary of education ,0,0,0,0,0,1,0,0,0
1702, democrat//doesn't know even after probing ,0,0,0,0,0,1,1,0,0
1703, DO NOT KNOW// ,0,0,0,0,0,0,1,0,0
1704, budget ,0,0,0,0,0,1,0,0,0
1705, CONGRESSMEN ,0,0,0,0,0,1,0,0,0
1706, SENATOR// ,0,0,0,0,0,1,0,0,0
1707, DO NOT KNOW ,0,0,0,0,0,0,1,0,0
1708, DO NOT WANT TO GUESS// ,0,0,0,0,0,0,0,1,0
1709,     DEM IN CONGRESS ,0,0,0,0,0,1,0,0,0
1711, you're really taking me down now//i don't know//can we come back to him?//no ,0,0,0,0,0,0,1,1,1
1713, senator ,0,0,0,0,0,1,0,0,0
1714, i have no idea// best guess// state representative ,0,0,0,0,0,1,1,0,1
1716, i don't know// your best guess// I am going to keep say congress//  I dont know ,0,0,0,0,0,1,1,0,1
1717, i don't know// any guess// i don't know ,0,0,0,0,0,0,1,0,1
1718, i don't know; what's your best guess// I don't know//  I am not going to guess and look dumb// NO ,0,0,0,0,0,0,1,1,1
1719," i don't know// probably congressman, maybe ",0,0,0,0,0,1,1,0,1
1720, 3// what your best guess// ,0,0,0,0,0,0,0,0,1
1723, senator ,0,0,0,0,0,1,0,0,0
1724, i dont know him// and my best guess is I still don't know him ,0,0,0,0,0,0,1,0,0
1725, don't know. ,0,0,0,0,0,0,1,0,0
1726, don't know. ,0,0,0,0,0,0,1,0,0
1727, i have heard about him but I don't know// your best guess// I don't know//NO ,0,0,0,0,0,0,1,1,1
1728, i don't know// best guess// I don't know// NO ,0,0,0,0,0,0,1,1,1
1729, supreme court justice ,0,0,0,1,0,0,0,0,0
1730, i can't remember// your best guess// he is one of the bush council ,0,0,0,0,0,1,1,0,1
1731, I want to say he is the supreme court justice// maybe// NO ,0,0,0,1,0,0,0,1,1
1732, never heard of him// best guess// I have no idea ,0,0,0,0,0,0,1,0,1
1733, i don't know// best guess// congress. i guess// ,0,0,0,0,0,1,1,0,1
1734, don't know ,0,0,0,0,0,0,1,0,0
1735, d.k ,0,0,0,0,0,0,1,0,0
1736, d.k. ,0,0,0,0,0,0,1,0,0
1737, us senator ,0,0,0,0,0,1,0,0,0
1738, d.k. ,0,0,0,0,0,0,1,0,0
1739, don't know ,0,0,0,0,0,0,1,0,0
1740, don't know ,0,0,0,0,0,0,1,0,0
1741, d kn. ,0,0,0,0,0,0,1,0,0
1742, don't know ,0,0,0,0,0,0,1,0,0
1743, don't know ,0,0,0,0,0,0,1,0,0
1744, don't  know ,0,0,0,0,0,0,1,0,0
1746, don't know ,0,0,0,0,0,0,1,0,0
1747, don't reg. name ,0,0,0,0,0,0,1,0,0
1748, don't know ,0,0,0,0,0,0,1,0,0
1749, d.k. ,0,0,0,0,0,0,1,0,0
1750," Make change for all,  ",0,0,0,0,1,0,0,0,0
1751, Don't know. ,0,0,0,0,0,0,1,0,0
1752, d.k. ,0,0,0,0,0,0,1,0,0
1753, I don't know ,0,0,0,0,0,0,1,0,0
1754, don't know ,0,0,0,0,0,0,1,0,0
1755, don't know ,0,0,0,0,0,0,1,0,0
1756, no ,0,0,0,0,0,0,0,1,0
1758, Never heard of him. ,0,0,0,0,0,0,1,0,0
1759, d.k. ,0,0,0,0,0,0,1,0,0
1760, I have no idea ,0,0,0,0,0,0,1,0,0
1761," don,t know ",0,0,0,0,0,0,1,0,0
1762, don't know ,0,0,0,0,0,0,1,0,0
1763, d.k. ,0,0,0,0,0,0,1,0,0
1764, d.k. ,0,0,0,0,0,0,1,0,0
1765, don't know ,0,0,0,0,0,0,1,0,0
1766, I don't know ,0,0,0,0,0,0,1,0,0
1767, Don't know ,0,0,0,0,0,0,1,0,0
1768, Don't know about him either ,0,0,0,0,0,0,1,0,0
1771, I don't know  ,0,0,0,0,0,0,1,0,0
1772," I don't know, a preacher or news person. ",0,0,0,0,0,1,1,0,0
1773, I don't know ,0,0,0,0,0,0,1,0,0
1774, Don't know who that is. ,0,0,0,0,0,0,1,0,0
1775, I don't know ,0,0,0,0,0,0,1,0,0
1777, I don't know who that is ,0,0,0,0,0,0,1,0,0
1778, I don't know ,0,0,0,0,0,0,1,0,0
1779, I don't know ,0,0,0,0,0,0,1,0,0
1780, i dont know//house ,0,0,0,0,0,1,1,0,0
1781, I don't know ,0,0,0,0,0,0,1,0,0
1782, congressman ,0,0,0,0,0,1,0,0,0
1783, dont know // i dont know that i have ever heard his name ,0,0,0,0,0,0,1,0,0
1784,  i dont even know//no guess ,0,0,0,0,0,0,1,0,0
1785, he on the in the govenors office ,0,0,0,0,0,1,0,0,0
1786, news anchorman ,0,0,0,0,0,1,0,0,0
1787, congress ,0,0,0,0,0,1,0,0,0
1788, i think i have heard that name// i dont know and im not going to guess ,0,0,0,0,0,0,1,1,1
1789, i dont know i cant answer them questions//no quess ,0,0,0,0,0,0,1,0,0
1790, // i thim=nk he is somewhere in the senate or the house ,0,0,0,0,0,1,0,0,1
1791, house of representatives ,0,0,0,0,0,1,0,0,0
1792, republican ,0,0,0,0,0,1,0,0,0
1793, <RF> ,0,0,0,0,0,0,0,1,0
1794, govenor // ,0,0,0,0,0,1,0,0,0
1795, senator   ,0,0,0,0,0,1,0,0,0
1796, i dont know // i dont know ,0,0,0,0,0,0,1,0,0
1797, i dont know//something with finances ,0,0,0,0,0,1,1,0,0
1798, never heard of that name before//senate ,0,0,0,0,0,1,1,0,0
1799, i dont know //secretary ,0,0,0,0,0,1,1,0,0
1801, representative ,0,0,0,0,0,1,0,0,0
1802, i dont know//news caster ,0,0,0,0,0,1,1,0,0
1803, no idea// no guess//no clue//no ,0,0,0,0,0,0,1,1,0
1804, no idea//nothing//no ,0,0,0,0,0,0,1,1,0
1805, no idea//no//no ,0,0,0,0,0,0,1,1,0
1806, never ran for him//nope//no ,0,0,0,0,0,0,0,1,1
1807, <RF> ,0,0,0,0,0,0,0,1,0
1808, congressman ,0,0,0,0,0,1,0,0,0
1809, Joint chief of staff ,0,0,0,0,0,1,0,0,0
1810, in the senate ,0,0,0,0,0,1,0,0,0
1811, he's in the congress ,0,0,0,0,0,1,0,0,0
1813, senator ,0,0,0,0,0,1,0,0,0
1814, he's in congress ,0,0,0,0,0,1,0,0,0
1815, he is in congress ,0,0,0,0,0,1,0,0,0
1816, he is a representative in Congress ,0,0,0,0,0,1,0,0,0
1817, in the cabinet ,0,0,0,0,0,1,0,0,0
1818, he's a representative too. ,0,0,0,0,0,1,0,0,0
1819, don't know him//no quess/no ,0,0,0,0,0,0,1,1,0
1820, i don't know// no idea//no ,0,0,0,0,0,0,1,1,0
1821, representative ,0,0,0,0,0,1,0,0,0
1822, heard the name//don't know//no ,0,0,0,0,0,0,1,1,1
1823, can tell you//memory is gone//no ,0,0,0,0,0,0,1,1,1
1824, never heard of him//no ,0,0,0,0,0,0,1,1,0
1825, representative ,0,0,0,0,0,1,0,0,0
1826, no idea//no quess//no ,0,0,0,0,0,0,1,1,0
1827, representative ,0,0,0,0,0,1,0,0,0
1828, congress ,0,0,0,0,0,1,0,0,0
1829, congress ,0,0,0,0,0,1,0,0,0
1830, think he is in the cabinet ,0,0,0,0,0,1,0,0,1
1831, he is in the cabinet ,0,0,0,0,0,1,0,0,0
1832, administrator ,0,0,0,0,0,1,0,0,0
1833, he is in congress ,0,0,0,0,0,1,0,0,0
1834, candidate ,0,0,0,0,0,1,0,0,0
1835, really dk ,0,0,0,0,0,0,1,0,0
1836, no idea//laughs//no idea//no ,0,0,0,0,0,0,1,1,1
1837," senator i think, have no idea ",0,0,0,0,0,1,1,0,1
1838, I dk but maybe the supreme court ,0,0,0,1,0,0,1,0,0
1839, chief of justice ,0,1,0,0,0,0,0,0,0
1840, supreme court judge ,0,0,0,1,0,0,0,0,0
1841, he's a senator-dont know what state//no ,0,0,0,0,0,1,1,1,0
1842, head of senate judge ,0,0,0,0,0,1,0,0,0
1843, chief justice of the u.w supreme court ,1,0,0,0,0,0,0,0,0
1844, surpreme court ,0,0,0,1,0,0,0,0,0
1845, he is a justice on the surpreme court// ,0,0,0,1,0,0,0,0,0
1846," going to skip this one, dont know for sure who he is//no ",0,0,0,0,0,0,1,1,0
1847, probably a senaator ,0,0,0,0,0,1,0,0,0
1848," dont know, best guess would be house of representatives// ",0,0,0,0,0,1,1,0,1
1849, never heard of him either;;no guess ,0,0,0,0,0,0,1,0,0
1850," dont have a guess, not very political, could be anybody ",0,0,0,0,0,1,1,0,1
1851, a governor ,0,0,0,0,0,1,0,0,0
1852, doesnt know-will not take a guess- not into all that mess ,0,0,0,0,0,0,1,1,1
1853, never heard of him//no guess ,0,0,0,0,0,0,1,0,0
1854, <RF> ,0,0,0,0,0,0,0,1,0
1856, dont know//senator from North Caro;ina ,0,0,0,0,0,1,1,0,0
1857, chief judice ,0,1,0,0,0,0,0,0,0
1858, chief justice ,0,1,0,0,0,0,0,0,0
1859," dont know him, dont have a guess ",0,0,0,0,0,0,1,0,0
1860, <RF> ,0,0,0,0,0,0,0,1,0
1861, <RF> ,0,0,0,0,0,0,0,1,0
1862, <RF> ,0,0,0,0,0,0,0,1,0
1864, <RF> ,0,0,0,0,0,0,0,1,0
1865, supreme court ,0,0,0,1,0,0,0,0,0
1867," dont know who he is either, dont want to take a quess ",0,0,0,0,0,0,1,1,0
1868, <RF> ,0,0,0,0,0,0,0,1,0
1869, <RF> ,0,0,0,0,0,0,0,1,0
1870, he ran for President ,0,0,0,0,1,0,0,0,0
1871, supreme court chief justice ,1,0,0,0,0,0,0,0,0
1872, the supreme court chief justice ,1,0,0,0,0,0,0,0,0
1873, in government finances ,0,0,0,0,0,1,0,0,0
1874, <RF> ,0,0,0,0,0,0,0,1,0
1875, <RF> ,0,0,0,0,0,0,0,1,0
1876, supreme court ,0,0,0,1,0,0,0,0,0
1877, dont know and dont have a guess ,0,0,0,0,0,0,1,0,0
1878, <RF> ,0,0,0,0,0,0,0,1,0
1879, senator ,0,0,0,0,0,1,0,0,0
1880, supreme court justice ,0,0,0,1,0,0,0,0,0
1881, dont know ,0,0,0,0,0,0,1,0,0
1882, SENATOR ,0,0,0,0,0,1,0,0,0
1883, DONT KNOW BUT HE IS A REPUBLICAN ,0,0,0,0,0,1,1,0,0
1885, dont know ,0,0,0,0,0,0,1,0,0
1886, dont know ,0,0,0,0,0,0,1,0,0
1887, dont know ,0,0,0,0,0,0,1,0,0
1888, dont know// ,0,0,0,0,0,0,1,0,0
1889, DONT KNOW ,0,0,0,0,0,0,1,0,0
1890, dont know ,0,0,0,0,0,0,1,0,0
1892, dont know ,0,0,0,0,0,0,1,0,0
1893, he is likea mayor of a city ,0,0,0,0,0,1,0,0,0
1894, dont know ,0,0,0,0,0,0,1,0,0
1896, DONT KNOW  ,0,0,0,0,0,0,1,0,0
1897, dont know  ,0,0,0,0,0,0,1,0,0
1898, john roberts  ,0,0,0,0,0,1,0,0,0
1899, dont know ,0,0,0,0,0,0,1,0,0
1900, dont know ,0,0,0,0,0,0,1,0,0
1901, never heard of him ,0,0,0,0,0,0,1,0,0
1902, supereme court justice ,0,0,0,1,0,0,0,0,0
1903, senator ,0,0,0,0,0,1,0,0,0
1906, dont know ,0,0,0,0,0,0,1,0,0
1907, congressman ,0,0,0,0,0,1,0,0,0
1908, dont know ,0,0,0,0,0,0,1,0,0
1909, dont know ,0,0,0,0,0,0,1,0,0
1910, politicianb ,0,0,0,0,0,1,0,0,0
1912, congressman ,0,0,0,0,0,1,0,0,0
1913, DONT know ,0,0,0,0,0,0,1,0,0
1914, dont know   ,0,0,0,0,0,0,1,0,0
1915, dont know ,0,0,0,0,0,0,1,0,0
1917, minority leader ,0,0,0,0,0,1,0,0,0
1918, dont know ,0,0,0,0,0,0,1,0,0
1919, dont know ,0,0,0,0,0,0,1,0,0
1920, congress ,0,0,0,0,0,1,0,0,0
1921, dont know him ,0,0,0,0,0,0,1,0,0
1922, congress ,0,0,0,0,0,1,0,0,0
1923, ANCHOR MAN ON CNN  ,0,0,0,0,0,1,0,0,0
1925, never heard of him ,0,0,0,0,0,0,1,0,0
1926, dont know ,0,0,0,0,0,0,1,0,0
1927, dont know ,0,0,0,0,0,0,1,0,0
1928, judge ,0,0,0,0,0,1,0,0,0
1930, i dontknow who he is  ,0,0,0,0,0,0,1,0,0
1931, dont know ,0,0,0,0,0,0,1,0,0
1932, i dont know //  ,0,0,0,0,0,0,1,0,0
1933, senate ,0,0,0,0,0,1,0,0,0
1934, he is a senator// ,0,0,0,0,0,1,0,0,0
1935, secretary of defense ,0,0,0,0,0,1,0,0,0
1936, dont knoe ,0,0,0,0,0,0,1,0,0
1937, DONT KNOW ,0,0,0,0,0,0,1,0,0
1938, dont know ,0,0,0,0,0,0,1,0,0
1939, supreme court judge justice ,0,0,0,1,0,0,0,0,0
1940, supreme court justice head chielf justice ,0,1,1,0,0,0,0,0,0
1943, dont know ,0,0,0,0,0,0,1,0,0
1945, dont know ,0,0,0,0,0,0,1,0,0
1946, not sure ,0,0,0,0,0,0,1,0,0
1947, republican ,0,0,0,0,0,1,0,0,0
1948, no idea ,0,0,0,0,0,0,1,0,0
1949, senator ,0,0,0,0,0,1,0,0,0
1950, wife cheeter cheets on his wife ,0,0,0,0,1,1,0,0,0
1951, not sure ,0,0,0,0,0,0,1,0,0
1952, attorney general ,0,0,0,0,0,1,0,0,0
1955, senator or congressman or what do you call those people ,0,0,0,0,0,1,0,0,0
1956, chief of the supreme court chief justice ,1,1,0,0,0,0,0,0,0
1957, //Senator// ,0,0,0,0,0,1,0,0,0
1958, dont know have no clue ,0,0,0,0,0,0,1,0,0
1960, i have no idea ,0,0,0,0,0,0,1,0,0
1961, Senator ,0,0,0,0,0,1,0,0,0
1962, dont know ,0,0,0,0,0,0,1,0,0
1963, I know the name but I don't know what he does ,0,0,0,0,0,0,1,0,1
1964, I don't know. ,0,0,0,0,0,0,1,0,0
1966, supreme court justis ,0,0,0,1,0,0,0,0,0
1967, senator ,0,0,0,0,0,1,0,0,0
1968, don't know ,0,0,0,0,0,0,1,0,0
1970, congress man ,0,0,0,0,0,1,0,0,0
1971, has no idea ,0,0,0,0,0,0,1,0,0
1972, politician ,0,0,0,0,0,1,0,0,0
1973, has no idea  ,0,0,0,0,0,0,1,0,0
1974, dont know ,0,0,0,0,0,0,1,0,0
1975, don't knowx ,0,0,0,0,0,0,1,0,0
1976, doesw not know ,0,0,0,0,0,0,1,0,0
1977, does not know ,0,0,0,0,0,0,1,0,0
1978, dont know ,0,0,0,0,0,0,1,0,0
1980, senator ,0,0,0,0,0,1,0,0,0
1981, Congress ,0,0,0,0,0,1,0,0,0
1982, governor ,0,0,0,0,0,1,0,0,0
1983, Senate ,0,0,0,0,0,1,0,0,0
1984, I don't know ,0,0,0,0,0,0,1,0,0
1985, I don't know. ,0,0,0,0,0,0,1,0,0
1986, I don't know ,0,0,0,0,0,0,1,0,0
1987, Supreme Court Justice ,0,0,0,1,0,0,0,0,0
1989, Don't know ,0,0,0,0,0,0,1,0,0
1990, I don't remember ,0,0,0,0,0,0,1,0,0
1991, dont know ,0,0,0,0,0,0,1,0,0
1992, Judge ,0,0,0,0,0,1,0,0,0
1993," senator, i believe ",0,0,0,0,0,1,0,0,1
1994, dk//no clue;\// ,0,0,0,0,0,0,1,0,0
1995, dk//i've heard that name// ,0,0,0,0,0,0,1,0,1
1996, dk//no clue// ,0,0,0,0,0,0,1,0,0
1997, dk//don't keep track -0 this is embarrassing// ,0,0,0,0,0,0,1,0,1
1998, chief justice of supreme court ,1,0,0,0,0,0,0,0,0
1999, I've heard that name; senate also ,0,0,0,0,0,1,0,0,1
2000, dk//couldn't tell you// ,0,0,0,0,0,0,1,0,0
2001, dk//no idea// ,0,0,0,0,0,0,1,0,0
2002," over congress - speaker, I believe ",0,0,0,0,0,1,0,0,1
2003, I just drew a blank; //name is familiar// think he is in congress// ,0,0,0,0,0,1,1,0,1
2004, dk//supreme court justice// ,0,0,0,1,0,0,1,0,0
2005, dk//sir//dr// ,0,0,0,0,0,1,1,0,0
2006, dk//some sort of supreme court judge// ,0,0,0,1,0,0,1,0,0
2007, dk; //no idea// ,0,0,0,0,0,0,1,0,0
2008, GOVERNOR//JUST GUESSING ,0,0,0,0,0,1,0,0,1
2009," I KNOW, BUT DON'T KNOW//HAS TO DO SOMETHING WITH MILITARY//A MILITARY FIGURE ",0,0,0,0,0,1,1,0,1
2010, DON'T KNOW//NOTHING COMES TO MY MIND//STOP ,0,0,0,0,0,0,1,1,0
2011, I think he is the chief justice. ,0,1,0,0,0,0,0,0,1
2012, chairholder to the senate ,0,0,0,0,0,1,0,0,0
2013, congressman ,0,0,0,0,0,1,0,0,0
2014, I would not know.//no ,0,0,0,0,0,0,1,1,0
2015, wasn't he dealing with financial things.  it is blank right now.// supreme court. ,0,0,0,1,1,0,1,0,0
2016, I don't know.//supreme court ,0,0,0,1,0,0,1,0,0
2017, no. // no. ,0,0,0,0,0,0,0,1,0
2018, no.//supreme court judge.// ,0,0,0,1,0,0,0,1,0
2019,  I don't know his position.// Senator ,0,0,0,0,0,1,1,0,0
2020, I don't know.//governor ,0,0,0,0,0,1,1,0,0
2021," If I have heard about them, I don't know. //No.// ",0,0,0,0,0,0,1,1,1
2023, no.//supreme court justice ,0,0,0,1,0,0,0,1,0
2024, I don't who he is.// A senator. ,0,0,0,0,0,1,1,0,0
2026, HOUSE OF REPRESENTATIVES ,0,0,0,0,0,1,0,0,0
2027, another senator ,0,0,0,0,0,1,0,0,0
2028, no.  //sera del congreso ,0,0,0,0,0,1,0,1,0
2029, SECRETARY OF FINANCIAL ,0,0,0,0,0,1,0,0,0
2030, I am not sure.// secretary of the house. ,0,0,0,0,0,1,1,0,0
2031, I don't know.  Republican senator ,0,0,0,0,0,1,1,0,0
2032, DON'T KNOW HIM//DON'T KNOW HIM//STOP ,0,0,0,0,0,0,1,1,0
2034, secretary of state. ,0,0,0,0,0,1,0,0,0
2035, never heard of him.(\\) Congress?\\no ,0,0,0,0,0,1,1,1,0
2036, HOUSE OF REPRESENTATIVES//DON'T KNOW// ,0,0,0,0,0,1,1,0,0
2037, I don't know who he is.// no. ,0,0,0,0,0,0,1,1,0
2038, senador ,0,0,0,0,0,1,0,0,0
2040, SENATE MAJORITY LEADER//I DO'T KNOW//NO ,0,0,0,0,0,1,1,1,0
2041, CONGRESS//DON'T KNOW ,0,0,0,0,0,1,1,0,0
2042, no//part of congres//no ,0,0,0,0,0,1,0,1,0
2043, supreme court ,0,0,0,1,0,0,0,0,0
2044, SENATE//DON'T KNOW ,0,0,0,0,0,1,1,0,0
2045, supreme court justice ,0,0,0,1,0,0,0,0,0
2046, JUDGE//DON'T KNOW ,0,0,0,0,0,1,1,0,0
2048, DON'T KNOW//GOVERNER//STOP ,0,0,0,0,0,1,1,1,0
2049, R:  do not know him. FI:  any idea what office he holds? R:  no idea.. ,0,0,0,0,0,0,1,0,0
2050," R  I do not who he is. FI:  any guess? R:  I have heard the name, but i am trying to remember where I heard the name.  If I had to guess.. I don't know what he does. //none// ",0,0,0,0,0,0,1,1,1
2051, //R:  I do not know the man// //FI:  any idea?// //R:  NO// ,0,0,0,0,0,0,1,1,0
2052, r: don't know fi:  any idea? r:  just know he is in politics..... //none// ,0,0,0,0,0,1,1,1,1
2053, he is a federal Justice...  ,0,0,0,0,0,1,0,0,0
2054, do not recall FI:  please try to remember// R: don't know the name.//none ,0,0,0,0,0,0,1,1,0
2055," r:  DO NOT KNOW HIM? fi:  ANY IDEA? r:  NO, (SHOOK HEAD SAYING NO) //NONE// ",0,0,0,0,0,0,1,1,0
2056," sorry, don't know him FI:  anything comes to mind? R:  I haven't seen the news in a long while, //nne ",0,0,0,0,0,0,1,1,1
2057," //do not know him// FI:  any ideas?// R:  No, I really do not know,... I may have soe pictures. ",0,0,0,0,0,0,1,0,1
2058," i DO NOT ANY OF THESE PEOPLE.. fi:  ANY IDEAS? fh:  TAKE A GUESS? ri:  DON'TKNOW ANYONE.... SORRY, NONE// ",0,0,0,0,0,0,1,1,1
2059," Do not know//I have heard the name, but do not know what office he holds, possible press agent//none ",0,0,0,0,0,1,1,1,1
2060, R:  nope fI:  any idea or guess as to what he may do? R:  none //none// ,0,0,0,0,0,0,0,1,0
2061, i do not know the name//none ,0,0,0,0,0,0,1,1,0
2062, do not know him//I usually pay attention to big names//mainly the local folks//not this one//I guess I need to start learning names//none ,0,0,0,0,0,0,1,1,1
2063, R:   HE IS REPUBLICAN FI:  ANYTHING ELSE YOU MAY KNOW OF HIM? R:   nO. //DONE// ,0,0,0,0,0,1,0,1,0
2064, do not know him either.. any guess? No. ,0,0,0,0,0,0,1,1,1
2065, R:  I do not know him FI:  any idea? R:  I've heard the name but do not know what he does. //none// ,0,0,0,0,0,0,1,1,1
2066," R:  his name rings a bell, I do not have any idea. FI:  any clues? R:  no clues //none// ",0,0,0,0,0,0,1,1,1
2067, R:  Secretary of State.... it sounds familiar //none// ,0,0,0,0,0,1,0,1,1
2068, R:  Never heard the name FI:  any idea? R:  I only know the local government body and no one else. //none// ,0,0,0,0,0,0,1,1,1
2069," I have no idea. FI:  any guess? R:  I am sorry, but do not who he is. //none// ",0,0,0,0,0,0,1,1,1
2070, //senate// what doe he do within the senate // do not know// ,0,0,0,0,0,1,1,0,0
2072," r:  do not have any idea. FI:  you do not know even a little bit about him R:  no, nothing //none// ",0,0,0,0,0,0,1,1,0
2073, I have not heard of John Roberts either// ,0,0,0,0,0,0,1,0,0
2074, r:  DEMOCRAT fI:  what part or group? R:  no //none// ,0,0,0,0,0,1,0,1,0
2075, Again R does not know who jhon roberts is or what oisition he holds. ,0,0,0,0,0,0,1,0,0
2076,  R does not know this person nor the job he holds. ,0,0,0,0,0,0,1,0,0
2077, dont know ,0,0,0,0,0,0,1,0,0
2079, dont know ,0,0,0,0,0,0,1,0,0
2082, R. does not know this either. ,0,0,0,0,0,0,1,0,0
2083, secretary of trasury not (sure). ,0,0,0,0,0,1,1,0,0
2084, R heard the name but cant tell what position or job he holds. ,0,0,0,0,0,0,1,0,1
2085, R. does not know Jhon Robert either. ,0,0,0,0,0,0,1,0,0
2087, R. does not recognize this politician. ,0,0,0,0,0,1,1,0,0
2088, R. does have heard about him but does not know what hab or position he holds. ,0,0,0,0,0,0,1,0,1
2090, R. does not know who is jhon roberts nor know what job he holds. ,0,0,0,0,0,0,1,0,0
2091, R does not know jhon robert or qwhat is his job or position. ,0,0,0,0,0,0,1,0,0
2092, r does not know this person either nor the job he holds. ,0,0,0,0,0,0,1,0,0
2093, R heard about john roberts but does not know what position he holds right now. ,0,0,0,0,0,0,1,0,1
2094, R never hear about jhohn roberts. ,0,0,0,0,0,0,1,0,0
2095, dostrict judge. ,0,0,0,0,0,1,0,0,0
2096, r doe not know this person either. ,0,0,0,0,0,0,1,0,0
2097, not this one either R does not know him ,0,0,0,0,0,0,1,0,0
2098, house of reprecentative ,0,0,0,0,0,1,0,0,0
2100, not sure//dk//no ,0,0,0,0,0,0,1,1,0
2101, dk//dk ,0,0,0,0,0,0,1,0,0
2102, no idea//no idea ,0,0,0,0,0,0,1,0,0
2103, congressman ,0,0,0,0,0,1,0,0,0
2104, i dont know//no ,0,0,0,0,0,0,1,1,0
2105, treasurer ,0,0,0,0,0,1,0,0,0
2106, dk//no guess ,0,0,0,0,0,0,1,0,0
2107," no se tampoco//pues no se, se que todos son del gobierno ",0,0,0,0,0,1,1,0,1
2108, i dont know who he is//i dont know what to say// ,0,0,0,0,0,0,1,0,0
2109, i dont know//i wouldnt know ,0,0,0,0,0,0,1,0,0
2110, senator ,0,0,0,0,0,1,0,0,0
2111, he is a domocrat//dk//not at all  ,0,0,0,0,0,1,1,0,0
2112," is in the senate or something ... no, i dont know, not sure ",0,0,0,0,0,1,1,1,0
2113, i am not sure//congressman also ,0,0,0,0,0,1,1,0,0
2114, dk//dk ,0,0,0,0,0,0,1,0,0
2115, shakes head no//again shakes head ,0,0,0,0,0,0,0,1,0
2116, no se//yo digo que es las escuelas tambien ,0,0,0,0,0,1,1,0,0
2117, i wouldnt know//i cant even guess ,0,0,0,0,0,0,1,0,0
2118, dk//dk ,0,0,0,0,0,0,1,0,0
2119, shook head dont know//shook head again ,0,0,0,0,0,0,1,0,0
2120, shakes head no//no guess ,0,0,0,0,0,0,1,1,0
2121, that i dont know//secretary of transportation ,0,0,0,0,0,1,1,0,0
2122, dk//no best guess ,0,0,0,0,0,0,1,0,0
2123, dk//dk ,0,0,0,0,0,0,1,0,0
2124, dk//no guess ,0,0,0,0,0,0,1,0,0
2125, dk//senate ,0,0,0,0,0,1,1,0,0
2126, shakes head //no guess ,0,0,0,0,0,0,1,1,0
2128, DONT KNOW  ,0,0,0,0,0,0,1,0,0
2129, treasure//really do not know ,0,0,0,0,0,1,1,0,0
2130, secretary ,0,0,0,0,0,1,0,0,0
2131, // // do not know// ,0,0,0,0,0,0,1,0,0
2132, nothing//do not know who he is to even make a guess ,0,0,0,0,0,0,1,1,0
2133, // chairman of the board of something// ,0,0,0,0,0,1,0,0,0
2134, political writer//speech writer ,0,0,0,0,0,1,0,0,0
2135, DONT KNOW HIM EITHER ,0,0,0,0,0,0,1,0,0
2136, do not now who the people is ,0,0,0,0,0,0,1,0,0
2137, do not know nothig about him ,0,0,0,0,0,0,1,0,0
2138, DONT KNOW  ,0,0,0,0,0,0,1,0,0
2140, dont know h ,0,0,0,0,0,0,1,0,0
2141, i can't not guess//maybe a state representative ,0,0,0,0,0,1,1,0,0
2142, DONT KNOW  ,0,0,0,0,0,0,1,0,0
2143, prbably senator ,0,0,0,0,0,1,0,0,0
2144, senator ,0,0,0,0,0,1,0,0,0
2145, republican// ,0,0,0,0,0,1,0,0,0
2147, //also he was //iam unable to answer ,0,0,0,0,0,0,1,0,0
2148, //i dont know him // ,0,0,0,0,0,0,1,0,0
2149, // i dont know him// ,0,0,0,0,0,0,1,0,0
2150, //i dont him either// ,0,0,0,0,0,0,1,0,0
2151, // i dont know him// ,0,0,0,0,0,0,1,0,0
2152," // i dont know hi,m// ",0,0,0,0,0,0,1,0,0
2153, // I DONT KNOW // ,0,0,0,0,0,0,1,0,0
2154, //i dont know// ,0,0,0,0,0,0,1,0,0
2155, // i dont know// ,0,0,0,0,0,0,1,0,0
2156, //i dont know him// ,0,0,0,0,0,0,1,0,0
2157, //i dont know him// ,0,0,0,0,0,0,1,0,0
2158, //i dont know him// ,0,0,0,0,0,0,1,0,0
2159, // i dont know// ,0,0,0,0,0,0,1,0,0
2160, //i dont know who he is// ,0,0,0,0,0,0,1,0,0
2161, // i dont know him// ,0,0,0,0,0,0,1,0,0
2162, //DOES NOT KNOW VERY MANY POLITICAL PERSON// SHE IS TOO OLD AND ARE HISPANICS WITH NOT VERY MUCH SCHOOLING ,0,0,0,0,0,0,1,0,1
2163, //I DONT KNOW HIM // ,0,0,0,0,0,0,1,0,0
2164, //  i dont know him// ,0,0,0,0,0,0,1,0,0
2165, //I DONT KNOW HIM// ,0,0,0,0,0,0,1,0,0
2166, // never heard about him// ,0,0,0,0,0,0,1,0,0
2167, // i dont know him// ,0,0,0,0,0,0,1,0,0
2168, //i dont know him// ,0,0,0,0,0,0,1,0,0
2169, politician ,0,0,0,0,0,1,0,0,0
2170, politician ,0,0,0,0,0,1,0,0,0
2171, t.v. game show host ,0,0,0,0,0,1,0,0,0
2172, senator ,0,0,0,0,0,1,0,0,0
2173, senator ,0,0,0,0,0,1,0,0,0
2174, politician ,0,0,0,0,0,1,0,0,0
2175, attorney general ,0,0,0,0,0,1,0,0,0
2176, state rep. ,0,0,0,0,0,1,0,0,0
2177, office of the white house ,0,0,0,0,0,1,0,0,0
2178, public speaker ,0,0,0,0,0,1,0,0,0
2179, sepreme court justice ,0,0,0,1,0,0,0,0,0
2180, cheif staff ,0,0,0,0,0,1,0,0,0
2181, state rep. ,0,0,0,0,0,1,0,0,0
2182, congress ,0,0,0,0,0,1,0,0,0
2183, head of forieng relations//  ,0,0,0,0,0,1,0,0,0
2184, supreme court justice ,0,0,0,1,0,0,0,0,0
2186, dk//no guess// ,0,0,0,0,0,0,1,0,0
2188, dk//no wild guesses// ,0,0,0,0,0,0,1,0,0
2189, who is john roberts//does he have something to do with military// ,0,0,0,0,0,1,0,0,0
2190, dk//no best guess// ,0,0,0,0,0,0,1,0,0
2191, don't know him//no guesses// ,0,0,0,0,0,0,1,0,0
2192, dk//not familiar// ,0,0,0,0,0,0,1,0,0
2193, dk//I don't know his position// ,0,0,0,0,0,0,1,0,0
2194, dk//i couldn't tell you// ,0,0,0,0,0,0,1,0,0
2195, dk//president of something//who is he?// ,0,0,0,0,0,1,1,0,0
2196, i don't know//no best guess// ,0,0,0,0,0,0,1,0,0
2197, supreme court chief justice ,1,0,0,0,0,0,0,0,0
2198, forrieng affairs ,0,0,0,0,0,1,0,0,0
2199, congress man ,0,0,0,0,0,1,0,0,0
2200, sect.of homeland security ,0,0,0,0,0,1,0,0,0
2201, allien ,0,0,0,0,0,1,0,0,0
2202, cn reporter ,0,0,0,0,0,1,0,0,0
2203, senator ,0,0,0,0,0,1,0,0,0
2204, supreme court justice ,0,0,0,1,0,0,0,0,0
2205, senator ,0,0,0,0,0,1,0,0,0
2206, legislater ,0,0,0,0,0,1,0,0,0
2207, supreme court guy ,0,0,0,1,0,0,0,0,0
2208, legislater ,0,0,0,0,0,1,0,0,0
2209, congress ,0,0,0,0,0,1,0,0,0
2211, superman ,0,0,0,0,0,1,0,0,0
2212, congress man ,0,0,0,0,0,1,0,0,0
2213, chief supreme court judge ,1,0,0,0,0,0,0,0,0
2214, supreme crt justice ,0,0,0,1,0,0,0,0,0
2215, never heard of him // hse of rep??? i have no idea ,0,0,0,0,0,1,1,0,0
2216, dk // no guess ,0,0,0,0,0,0,1,0,0
2217, supreme court chief justice ,1,0,0,0,0,0,0,0,0
2219, no // no guess ,0,0,0,0,0,0,1,1,0
2220, no // no guess ,0,0,0,0,0,0,1,1,0
2221, never hrd of him  either // hse of reps??? dk ,0,0,0,0,0,1,1,0,0
2222," dk // no guess, she D rem what peo do, dosent pay attn ",0,0,0,0,0,0,1,0,1
2224, dk // no guess ,0,0,0,0,0,0,1,0,0
2225, no clue // no guess ,0,0,0,0,0,0,1,0,0
2226, dk // sen?? i dk who he is ,0,0,0,0,0,1,1,0,0
2227, dk // no ,0,0,0,0,0,0,1,1,0
2228," i really dont know /// ahhhhh, congress??? i have no idea ",0,0,0,0,0,1,1,0,0
2229, dk // no guess ,0,0,0,0,0,0,1,0,0
2230, dk // couldnt begin to tell you ,0,0,0,0,0,0,1,0,0
2231, //dk no guess ,0,0,0,0,0,0,1,0,0
2232," dk // no guess, heard but dk [REDACTED PERSONAL COMMENT]",0,0,0,0,0,0,1,0,1
2234, dk // no guess ,0,0,0,0,0,0,1,0,0
2235," dk // roberts? no, i dk ",0,0,0,0,0,0,1,1,0
2236," // no guess, dk ",0,0,0,0,0,0,1,0,0
2237, // i dont know him// ,0,0,0,0,0,0,1,0,0
2238, dont know ,0,0,0,0,0,0,1,0,0
2239, he is a i dont know ,0,0,0,0,0,0,1,0,0
2240, SENATOR?//DON'T KNOW ,0,0,0,0,0,1,1,0,0
2241, dk//dk ,0,0,0,0,0,0,1,0,0
2242, no dk //  no idea ,0,0,0,0,0,0,1,0,0
2243, // no guess dk ,0,0,0,0,0,0,1,0,0
2244," dk // dk what, no idea ",0,0,0,0,0,0,1,0,0
2245, i dont know//no ,0,0,0,0,0,0,1,1,0
2246," name rings a bell but i have no clue, sounds like a reverand ",0,0,0,0,0,1,1,0,1
2247, //no guess//no ,0,0,0,0,0,0,1,1,0
2248, //no guess//no ,0,0,0,0,0,0,1,1,0
2249, //no guess//n0 ,0,0,0,0,0,0,1,1,0
2250, //dont know//no ,0,0,0,0,0,0,1,1,0
2251, dont know//nonever heard of the two//no ,0,0,0,0,0,0,1,1,0
2252, i dont know//no ,0,0,0,0,0,0,1,1,0
2253, i dont know whast his position is ,0,0,0,0,0,0,1,0,0
2254, ive heard his name but i dont know//n0 ,0,0,0,0,0,0,1,1,1
2255, dont know that either//no//no ,0,0,0,0,0,0,1,1,0
2256, supreme court judge ,0,0,0,1,0,0,0,0,0
2257, //im not sure no guesss//n0 ,0,0,0,0,0,0,1,1,0
2258, //dont knwo no guess//no ,0,0,0,0,0,0,1,1,0
2259, don't know him.//no ,0,0,0,0,0,0,1,1,0
2260, don't know//no ,0,0,0,0,0,0,1,1,0
2261, in the surpreme court but does not know position. ,0,0,0,1,0,0,1,0,0
2262, surpreme court justice. ,0,0,0,1,0,0,0,0,0
2263," don't know him,//none ",0,0,0,0,0,0,1,1,0
2264, don't know//maybe foriegn affairs//none ,0,0,0,0,0,1,1,1,0
2265," head of supreme court, the chief justice ",0,1,1,0,0,0,0,0,0
2266, r said has never heard of him//no ,0,0,0,0,0,0,1,1,0
2267, don't know him. ,0,0,0,0,0,0,1,0,0
2268, don't know him//never heeard of him before.// ,0,0,0,0,0,0,1,0,0
2269, don't know him//no guess ,0,0,0,0,0,0,1,0,0
2270, don't know him//no guess. ,0,0,0,0,0,0,1,0,0
2271, politician ,0,0,0,0,0,1,0,0,0
2272, don't know ,0,0,0,0,0,0,1,0,0
2273, supreme court justice ,0,0,0,1,0,0,0,0,0
2274, senator ,0,0,0,0,0,1,0,0,0
2276, supreme court justice ,0,0,0,1,0,0,0,0,0
2277, supreme court chief justice ,1,0,0,0,0,0,0,0,0
2278, don't know him//no guess ,0,0,0,0,0,0,1,0,0
2279, dk city council ,0,0,0,0,0,1,1,0,0
2280,  some sort of govt job ,0,0,0,0,0,1,0,0,0
2281, Dk assistant to something ,0,0,0,0,0,1,1,0,0
2282, supreme court justice ,0,0,0,1,0,0,0,0,0
2283, political leader ,0,0,0,0,0,1,0,0,0
2284, car salesman ,0,0,0,0,0,1,0,0,0
2285, dont know// cant telll you ,0,0,0,0,0,0,1,0,0
2286, I dont know ,0,0,0,0,0,0,1,0,0
2287, dont know him ,0,0,0,0,0,0,1,0,0
2288, supreme ct justice ,0,0,0,1,0,0,0,0,0
2289, press sectry? I dont know ,0,0,0,0,0,1,1,0,0
2290, congress ,0,0,0,0,0,1,0,0,0
2291, Chief Justice of supreme ct ,1,0,0,0,0,0,0,0,0
2293, dont know//director of central intelligence ,0,0,0,0,0,1,1,0,0
2294, dk claim stupid ,0,0,0,0,0,0,1,0,1
2295, supreme court justice ,0,0,0,1,0,0,0,0,0
2296, dont know who that is ,0,0,0,0,0,0,1,0,0
2297, dont know ,0,0,0,0,0,0,1,0,0
2298, dk//foreign affairs ,0,0,0,0,0,1,1,0,0
2299, house of representatives ,0,0,0,0,0,1,0,0,0
2300, dont know//no guess ,0,0,0,0,0,0,1,0,0
2301, senate ,0,0,0,0,0,1,0,0,0
2302, does not know ,0,0,0,0,0,0,1,0,0
2303, //ran for a republican senate seat ,0,0,0,0,1,0,0,0,0
2304, don't know ,0,0,0,0,0,0,1,0,0
2305, don't know ,0,0,0,0,0,0,1,0,0
2306, never heard of him ,0,0,0,0,0,0,1,0,0
2307, done't know ,0,0,0,0,0,0,1,0,0
2308,  no idea ,0,0,0,0,0,0,1,0,0
2309, /senate/ ,0,0,0,0,0,1,0,0,0
2310, don't know ,0,0,0,0,0,0,1,0,0
2311, supreme court ,0,0,0,1,0,0,0,0,0
2312, no guess ,0,0,0,0,0,0,1,0,0
2313, chief justice of thesupreme court ,1,0,0,0,0,0,0,0,0
2316, don't know ,0,0,0,0,0,0,1,0,0
2317, supreme court ,0,0,0,1,0,0,0,0,0
2318, not sure ,0,0,0,0,0,0,1,0,0
2319, don't know ,0,0,0,0,0,0,1,0,0
2320, //never heard that name ,0,0,0,0,0,0,1,0,0
2321, supreme court justice ,0,0,0,1,0,0,0,0,0
2322, judge ,0,0,0,0,0,1,0,0,0
2323, no guess,0,0,0,0,0,0,1,0,0
